topic,placeId,placeName,placeType,fips,region,date,body,confidence,context,sourceType,vendors,matchedTerms,tags,excerpt,sourceUrl
alpr,paulding,Paulding County,county,13223,Atlanta Regional Commission,2026-09-22,Board of Commissioners,high,public-comment,ocr,Flock Safety,flock,,,https://mccmeetings.blob.core.usgovcloudapi.net/pauldingga-pubu/MEET-Agenda-d4ca71f6275049b89720441b3c62e982.pdf
alpr,paulding,Paulding County,county,13223,Atlanta Regional Commission,2026-09-08,Board of Commissioners,high,public-comment,ocr,Flock Safety,flock,,,https://mccmeetings.blob.core.usgovcloudapi.net/pauldingga-pubu/MEET-Agenda-689e9b7312de4e6b8cc046eb7f67c817.pdf
alpr,paulding,Paulding County,county,13223,Atlanta Regional Commission,2026-08-25,Board of Commissioners,high,public-comment,ocr,Flock Safety,flock,,,https://mccmeetings.blob.core.usgovcloudapi.net/pauldingga-pubu/MEET-Agenda-b6a87c16e180419890a5f6ca730a9ba2.pdf
alpr,paulding,Paulding County,county,13223,Atlanta Regional Commission,2026-08-25,Board of Commissioners,high,public-comment,ocr,Flock Safety,flock,,,https://mccmeetings.blob.core.usgovcloudapi.net/pauldingga-pubu/MEET-Agenda-4b05fa3853ec4025a61f8ba195b42275.pdf
alpr,morgan,Morgan County,county,13211,,2026-08-18,Board of Commissioners,medium,,ocr,,lpr camera,,,https://www.morgancountyga.gov/AgendaCenter/ViewFile/Agenda/_08182026-870
alpr,paulding,Paulding County,county,13223,Atlanta Regional Commission,2026-08-11,Board of Commissioners,high,public-comment,ocr,Flock Safety,flock,,,https://mccmeetings.blob.core.usgovcloudapi.net/pauldingga-pubu/MEET-Agenda-c83f3a2f035a4feda43980d8f6d2b7e5.pdf
alpr,bibb,Macon-Bibb County,consolidated,13021,Middle Georgia,2026-08-04,Board of Commissioners,high,unknown,ocr,Flock Safety,flock,,,"https://maconbibbcoga.api.civicclerk.com/v1/Meetings/GetMeetingFileStream(fileId=3651,plainText=false)"
alpr,covington,City of Covington,city,,Broader Metropolitan Statistical Area,2026-08-03,City Council,high,agenda-action,ocr,Flock Safety,flock,,"… llegiance to the Flag of the United States of America. Covington Police Chief Brent Fuesting discussed CPD’s Flock Camera Policy. ****** 1. Motion made by Council Member Rutberg, seconded by Council Member Davis to approve the …",https://cityofcovington.org/ckeditorfiles/files/2026_CityCouncil_0803_Minutes.pdf
alpr,paulding,Paulding County,county,13223,Atlanta Regional Commission,2026-07-28,Board of Commissioners,high,public-comment,ocr,Flock Safety,flock,,,https://mccmeetings.blob.core.usgovcloudapi.net/pauldingga-pubu/MEET-Agenda-00107d3a3e4a42c3af2a7d720e3553dc.pdf
alpr,henry,Henry County,county,13151,Atlanta Regional Commission,2026-07-27,Board of Commissioners,high,agenda-action,ocr,Flock Safety,flock,,"… e persons. Police Department A. Resolution amending Resolution No. 23-197 regarding the Flock Safety agreement for product replacement. (Presenter: Captain Anthony Militello, …","https://henrycoga.api.civicclerk.com/v1/Meetings/GetMeetingFileStream(fileId=2600,plainText=false)"
alpr,henry,Henry County,county,13151,Atlanta Regional Commission,2026-07-21,Board of Commissioners,high,agenda-action,ocr,Flock Safety,flock,,"… hibit 8) Police Department A. Resolution amending Resolution No. 23-197 regarding the Flock Safety agreement for product replacement. (Presenter: Captain Anthony Militello, …","https://henrycoga.api.civicclerk.com/v1/Meetings/GetMeetingFileStream(fileId=2596,plainText=false)"
alpr,bibb,Macon-Bibb County,consolidated,13021,Middle Georgia,2026-07-21,Board of Commissioners,high,unknown,ocr,Flock Safety,flock,,,"https://maconbibbcoga.api.civicclerk.com/v1/Meetings/GetMeetingFileStream(fileId=3633,plainText=false)"
alpr,paulding,Paulding County,county,13223,Atlanta Regional Commission,2026-07-14,Board of Commissioners,high,public-comment,ocr,Flock Safety,flock,,,https://mccmeetings.blob.core.usgovcloudapi.net/pauldingga-pubu/MEET-Agenda-ebd41cb0ecd343a0adf29c6de6088edc.pdf
alpr,paulding,Paulding County,county,13223,Atlanta Regional Commission,2026-06-23,Board of Commissioners,high,public-comment,ocr,Flock Safety,flock,,,https://mccmeetings.blob.core.usgovcloudapi.net/pauldingga-pubu/MEET-Agenda-697c3fb244314fa4bb0bc05ca489576f.pdf
alpr,columbia,Columbia County,county,13073,Central Savannah River Area,2026-06-16,Board of Commissioners,high,agenda-action,ocr,Genetec,genetec,,… 1f) Tyler Munis 2026-2027 Authorization of Payment g. (H1g) Agreement Renewal Number Four with A3 Communications for Genetec Video Management System Support h. (H1h) Agreement Renewal Number Two with Structure Media Solutions …,"https://columbiacoga.api.civicclerk.com/v1/Meetings/GetMeetingFileStream(fileId=13650,plainText=false)"
alpr,bibb,Macon-Bibb County,consolidated,13021,Middle Georgia,2026-06-16,Board of Commissioners,high,agenda-action,ocr,Flock Safety,flock,,"… (Sponsored by: Lester M. Miller, Mayor) The following citizens spoke in favor of removing the Flock cameras from the FY27 Budget: Angelia Hoomes Rhiannon Wimer …","https://maconbibbcoga.api.civicclerk.com/v1/Meetings/GetMeetingFileStream(fileId=3600,plainText=false)"
alpr,covington,City of Covington,city,,Broader Metropolitan Statistical Area,2026-06-15,City Council,high,agenda-action,ocr,Flock Safety,flock; lpr camera; safer city,,"… **** 9. Motion made by Council Member Turner, seconded by Council Member Henderson to approve consolidation of Flock agreements into a single comprehensive 10-year Safer City contract, incorporating current technology platforms an …",https://cityofcovington.org/ckeditorfiles/files/2026_CityCouncil_0615_Minutes.pdf
alpr,muscogee,Columbus-Muscogee County,consolidated,13215,West Georgia,2026-06-01,Columbus City Council,high,agenda-action,legistar,Vigilant (Motorola),vigilant solutions,,"To authorize the Director of the Department of Public Safety to enter into contract with Motorola Solutions, DBA Vigilant Solutions, for the purchase of commercial license subscriptions for the Investigative Data Platform; to waive the competitive bid …",https://columbus.legistar.com/MeetingDetail.aspx?LEGID=6187&GID=139&G=4F637594-17B0-4E92-8196-37F14328D337
alpr,chatham,Chatham County,county,13051,Coastal Georgia,2026-01-09,Board of Commissioners,high,unknown,ocr,Flock Safety,flock,,,https://chathamcountyga.iqm2.com/Citizens/FileOpen.aspx?Type=14&ID=1727&Inline=True
alpr,covington,City of Covington,city,,Broader Metropolitan Statistical Area,2025-12-15,City Council,high,agenda-action,ocr,Flock Safety,flock,,"… tion made by Council Member Henderson, seconded by Council Member Rutberg to approve a 3 year contract with Flock, for integration of security cameras. Year 1 $100,200.00 Year 2 …",https://cityofcovington.org/ckeditorfiles/files/2025_CityCouncil_1215_Minutes.pdf
data-center,fayette,Fayette County,county,13113,Atlanta Regional Commission,2026-10-08,Board of Commissioners,high,agenda-action,ocr,,data center,,"… Walhousen of Fayetteville expressed concerns about noise, construction, and other negative effects he attributed to the data center near his home. He questioned the effectiveness of a 100-foot buffer and a proposed future multi-use path connection. A …",https://www.fayettecountyga.gov/10-08-2026%20BOC%20Agenda.pdf
data-center,dekalb,DeKalb County,county,13089,Atlanta Regional Commission,2026-10-06,Committee of the Whole,high,agenda-action,legistar,,data center,,"… trict(s): All Commission Districts A Resolution Requiring an Independent, Third-Party Health and Environmental Study of Data Centers and Their Possible Impact on DeKalb County and Board of Commissioners Review of the Study Before DeKalb County’s Data …",https://dekalbcountyga.legistar.com/MeetingDetail.aspx?LEGID=4679&GID=570&G=38B42E79-166F-4337-AE30-3665ECD50E7A
data-center,dekalb,DeKalb County,county,13089,Atlanta Regional Commission,2026-09-29,Board of Commissioners,high,agenda-action,legistar,,data center,,"… l Commission Districts Adoption of an ordinance to amend Chapter 27 of the Code of DeKalb County, Georgia, to establish Data Center Definitions and Data Center Classifications for regulatory oversight of any potential data center development and opera …",https://dekalbcountyga.legistar.com/MeetingDetail.aspx?LEGID=4491&GID=570&G=38B42E79-166F-4337-AE30-3665ECD50E7A
data-center,paulding,Paulding County,county,13223,Atlanta Regional Commission,2026-09-22,Board of Commissioners,high,public-comment,ocr,,data center,,,https://mccmeetings.blob.core.usgovcloudapi.net/pauldingga-pubu/MEET-Agenda-d4ca71f6275049b89720441b3c62e982.pdf
data-center,paulding,Paulding County,county,13223,Atlanta Regional Commission,2026-09-22,Board of Commissioners,high,,ocr,,data center,,,https://mccmeetings.blob.core.usgovcloudapi.net/pauldingga-pubu/MEET-Agenda-5ff47cbd526d45dd98174b3db16a9979.pdf
data-center,dekalb,DeKalb County,county,13089,Atlanta Regional Commission,2026-09-22,Board of Commissioners,high,agenda-action,legistar,,data center,,"… trict(s): All Commission Districts A Resolution Requiring an Independent, Third-Party Health and Environmental Study of Data Centers and Their Possible Impact on DeKalb County and Board of Commissioners Review of the Study Before DeKalb County’s Data …",https://dekalbcountyga.legistar.com/MeetingDetail.aspx?LEGID=4489&GID=570&G=38B42E79-166F-4337-AE30-3665ECD50E7A
data-center,douglas,Douglas County,county,13097,Atlanta Regional Commission,2026-09-15,Board of Commissioners,high,unknown,ocr,,data center,,,"https://douglascountyga.api.civicclerk.com/v1/Meetings/GetMeetingFileStream(fileId=7551,plainText=false)"
data-center,dekalb,DeKalb County,county,13089,Atlanta Regional Commission,2026-09-15,Board of Commissioners,high,agenda-action,legistar,,data center,,"… trict(s): All Commission Districts A Resolution Requiring an Independent, Third-Party Health and Environmental Study of Data Centers and Their Possible Impact on DeKalb County and Board of Commissioners Review of the Study Before DeKalb County’s Data …",https://dekalbcountyga.legistar.com/MeetingDetail.aspx?LEGID=4490&GID=570&G=38B42E79-166F-4337-AE30-3665ECD50E7A
data-center,chatham,Chatham County,county,13051,Coastal Georgia,2026-09-11,Board of Commissioners,high,agenda-action,ocr,,data center,,"… §3-102, of the Chatham County Code imposing a temporary moratorium on development related to large scale data centers with an electrical capacity of 10 Megawatts or greater and prohibiting the conversion of warehouses …",https://chathamcountyga.iqm2.com/Citizens/FileOpen.aspx?Type=14&ID=1748&Inline=True
data-center,dekalb,DeKalb County,county,13089,Atlanta Regional Commission,2026-09-10,Committee of the Whole,high,agenda-action,legistar,,data center,,"… trict(s): All Commission Districts A Resolution Requiring an Independent, Third-Party Health and Environmental Study of Data Centers and Their Possible Impact on DeKalb County and Board of Commissioners Review of the Study Before DeKalb County’s Data …",https://dekalbcountyga.legistar.com/MeetingDetail.aspx?LEGID=4488&GID=570&G=38B42E79-166F-4337-AE30-3665ECD50E7A
data-center,paulding,Paulding County,county,13223,Atlanta Regional Commission,2026-09-08,Board of Commissioners,high,public-comment,ocr,,data center,,,https://mccmeetings.blob.core.usgovcloudapi.net/pauldingga-pubu/MEET-Agenda-ce977a5ef5a9430eab33c2ceb54e17b1.pdf
data-center,paulding,Paulding County,county,13223,Atlanta Regional Commission,2026-09-08,Board of Commissioners,high,public-comment,ocr,,data center,,,https://mccmeetings.blob.core.usgovcloudapi.net/pauldingga-pubu/MEET-Agenda-689e9b7312de4e6b8cc046eb7f67c817.pdf
data-center,banks,Banks County,county,13011,,2026-09-08,Board of Commissioners,high,agenda-action,ocr,,data center,,"… CHAIRMAN'S REPORT 6. DISTRICT COMMISSIONERS REPORT 7. PUBLIC HEARINGS: a. R-1 Moratorium b. Special Use ""Data Center"" Moratorium c. Public Utilities: Credit Check Application Policy/Ordinance 8. PREVIOUS BUSINESS ACTION: a. …",https://mccmeetings.blob.core.usgovcloudapi.net/banksctyga-pubu/MEET-Agenda-877a1e52f5654c51ae9dc83c928fddff.pdf
data-center,morgan,Morgan County,county,13211,,2026-09-01,Board of Commissioners,high,public-comment,ocr,,data center,,,https://www.morgancountyga.gov/AgendaCenter/ViewFile/Agenda/_09012026-874
data-center,covington,City of Covington,city,,Broader Metropolitan Statistical Area,2026-09-01,City Council,high,agenda-action,ocr,,data center,,"… Council Member Henderson, seconded by Council Member Davis to approve the revocation of the current moratorium for Data Centers which was set to remain in effect through October 20, 2026, now that the related ordinance has been adopted. …",https://cityofcovington.org/ckeditorfiles/files/2026_CityCouncil_0901_Minutes.pdf
data-center,fayette,Fayette County,county,13113,Atlanta Regional Commission,2026-08-27,Board of Commissioners,high,public-comment,ocr,,data center,,,https://www.fayettecountyga.gov/08-27-2026%20BOC%20Agenda.pdf
data-center,paulding,Paulding County,county,13223,Atlanta Regional Commission,2026-08-25,Board of Commissioners,high,public-comment,ocr,,data center,,,https://mccmeetings.blob.core.usgovcloudapi.net/pauldingga-pubu/MEET-Agenda-b6a87c16e180419890a5f6ca730a9ba2.pdf
data-center,paulding,Paulding County,county,13223,Atlanta Regional Commission,2026-08-25,Board of Commissioners,high,public-comment,ocr,,data center,,,https://mccmeetings.blob.core.usgovcloudapi.net/pauldingga-pubu/MEET-Agenda-4b05fa3853ec4025a61f8ba195b42275.pdf
data-center,dekalb,DeKalb County,county,13089,Atlanta Regional Commission,2026-08-25,Board of Commissioners,high,agenda-action,legistar,,data center,,"… trict(s): All Commission Districts A Resolution Requiring an Independent, Third-Party Health and Environmental Study of Data Centers and Their Possible Impact on DeKalb County and Board of Commissioners Review of the Study Before DeKalb County’s Data …",https://dekalbcountyga.legistar.com/MeetingDetail.aspx?LEGID=4487&GID=570&G=38B42E79-166F-4337-AE30-3665ECD50E7A
data-center,banks,Banks County,county,13011,,2026-08-25,Board of Commissioners,high,unknown,ocr,,data center,,,https://mccmeetings.blob.core.usgovcloudapi.net/banksctyga-pubu/MEET-Agenda-6503b25e501b4af19829084677e7d8bc.pdf
data-center,morgan,Morgan County,county,13211,,2026-08-18,Board of Commissioners,high,agenda-action,ocr,,data center,,… nt and Data Processing Facility” from the permitted and conditional use table. This language will be replaced by “Data Center” when the forthcoming data center ordinance is approved. 2. Changing the note related to the use of metal sidin …,https://www.morgancountyga.gov/AgendaCenter/ViewFile/Agenda/_08182026-870
data-center,douglas,Douglas County,county,13097,Atlanta Regional Commission,2026-08-18,Board of Commissioners,high,unknown,ocr,,data center,,,"https://douglascountyga.api.civicclerk.com/v1/Meetings/GetMeetingFileStream(fileId=7495,plainText=false)"
data-center,dekalb,DeKalb County,county,13089,Atlanta Regional Commission,2026-08-18,Committee of the Whole,high,agenda-action,legistar,,data center,,"… trict(s): All Commission Districts A Resolution Requiring an Independent, Third-Party Health and Environmental Study of Data Centers and Their Possible Impact on DeKalb County and Board of Commissioners Review of the Study Before DeKalb County’s Data …",https://dekalbcountyga.legistar.com/MeetingDetail.aspx?LEGID=4485&GID=570&G=38B42E79-166F-4337-AE30-3665ECD50E7A
data-center,cherokee,Cherokee County,county,13057,Atlanta Regional Commission,2026-08-18,Board of Commissioners,high,agenda-action,granicus,,data center,,"… Executive Session, and Regular Meeting Minutes from August 4, 2026. 8. PUBLIC HEARING 8.1 Public Hearing - Extension of Data Center Moratorium. Conduct a public hearing to consider a resolution to extend the moratorium related to Data Centers for an a …",https://cherokeega.granicus.com/AgendaViewer.php?view_id=1&clip_id=1600
data-center,covington,City of Covington,city,,Broader Metropolitan Statistical Area,2026-08-17,City Council,high,agenda-action,ocr,,data center,,"… by Council Member Rutberg, seconded by Council Member Johnson to approve the final reading of an amendment to the Data Center ordinance with the following changes: There shall be two public meetings that must be held at least 7 days apart …",https://cityofcovington.org/ckeditorfiles/files/2026_CityCouncil_0817_Minutes.pdf
data-center,paulding,Paulding County,county,13223,Atlanta Regional Commission,2026-08-11,Board of Commissioners,high,public-comment,ocr,,data center,,,https://mccmeetings.blob.core.usgovcloudapi.net/pauldingga-pubu/MEET-Agenda-c83f3a2f035a4feda43980d8f6d2b7e5.pdf
data-center,paulding,Paulding County,county,13223,Atlanta Regional Commission,2026-08-11,Board of Commissioners,high,public-comment,ocr,,data center,,,https://mccmeetings.blob.core.usgovcloudapi.net/pauldingga-pubu/MEET-Agenda-140b84c276c443a1870d10104604b0d7.pdf
data-center,cobb,Cobb County,county,13067,Atlanta Regional Commission,2026-08-11,Board of Commissioners,high,agenda-action,ocr,,data center,,… . To adopt a resolution extending a temporary moratorium on rezoning applications and permits for new data centers in unincorporated Cobb County. Internal Audit 28. To approve an updated Internal Audit Department Chart …,"https://cobbcoga.api.civicclerk.com/v1/Meetings/GetMeetingFileStream(fileId=10156,plainText=false)"
data-center,fulton,Fulton County,county,13121,Atlanta Regional Commission,2026-08-05,Board of Commissioners,high,agenda-action,legistar,,data center,,Discussion: Data Centers: 2026 growth in assessed value (Ellis) (DISCUSSED) HEARD AFTER ITEM #26-0461 Commissioners Presentation/Discussion,https://fulton.legistar.com/MeetingDetail.aspx?LEGID=6391&GID=817&G=197058BF-F352-4423-BE44-04DFABBD8188
data-center,morgan,Morgan County,county,13211,,2026-08-04,Board of Commissioners,high,agenda-action,ocr,,data center,,"… missioner Park, to approve the FY27 contract with GA Food Services. Motion passed unanimously. TEMPORARY MORATORIUM OF DATA CENTERS Planning Department Director Chuck Jarrell stated that the Planning Office has received several inquiries regarding d …",https://www.morgancountyga.gov/AgendaCenter/ViewFile/Agenda/_08042026-869
data-center,clayton,Clayton County,county,13063,Atlanta Regional Commission,2026-08-04,Board of Commissioners,high,agenda-action,ocr,,data center,,… s. (Commissioner Tash Allen) Synopsis: This resolution authorizes the County to evaluate the Lovejoy Data Center project submitted to the Atlanta Regional Commission as a Development of Regional Impact and …,https://claytoncountyga.primegov.com/Public/CompiledDocument?meetingTemplateId=5391&compileOutputType=1
data-center,carroll,Carroll County,county,13045,Broader Metropolitan Statistical Area,2026-08-04,Board of Commissioners,high,agenda-action,ocr,,data center,,"… uance of Land Disturbance Permits, and the Issuance of Other Permits for Development of Any Data Center, Batter Energy Storage System, and Solar Power Farms; and for Other Lawful Purposes (ADDED) …","https://carrollcoga.api.civicclerk.com/v1/Meetings/GetMeetingFileStream(fileId=2987,plainText=false)"
data-center,covington,City of Covington,city,,Broader Metropolitan Statistical Area,2026-08-03,City Council,high,agenda-action,ocr,,data center,,"… Motion carried unanimously. ****** Gregory Road resident Tamichael Jones spoke of his concerns regarding data centers and their effect on property values, environmental impacts, quality of life and noise pollution. ****** …",https://cityofcovington.org/ckeditorfiles/files/2026_CityCouncil_0803_Minutes.pdf
data-center,paulding,Paulding County,county,13223,Atlanta Regional Commission,2026-07-28,Board of Commissioners,high,public-comment,ocr,,data center,,,https://mccmeetings.blob.core.usgovcloudapi.net/pauldingga-pubu/MEET-Agenda-e68ca477bd394b17a8f2c3c0ef70d803.pdf
data-center,paulding,Paulding County,county,13223,Atlanta Regional Commission,2026-07-28,Board of Commissioners,high,public-comment,ocr,,data center,,,https://mccmeetings.blob.core.usgovcloudapi.net/pauldingga-pubu/MEET-Agenda-00107d3a3e4a42c3af2a7d720e3553dc.pdf
data-center,meriwether,Meriwether County,county,13199,,2026-07-28,Board of Commissioners,high,agenda-action,ocr,,data center,,… osition/In-house Commercial Revaluation XIII. NEW BUSINESS 1. Consider Approval of a Resolution Extending the Data Center Moratorium for an Additional Ninety (90) Days 2. Consider Approval of Ordinance Amendment 2026-01 Regarding Bo …,https://www.meriwethercountyga.gov/AgendaCenter/ViewFile/Agenda/_07282026-650
data-center,cobb,Cobb County,county,13067,Atlanta Regional Commission,2026-07-28,Board of Commissioners,high,unknown,ocr,,data center,,,"https://cobbcoga.api.civicclerk.com/v1/Meetings/GetMeetingFileStream(fileId=10080,plainText=false)"
data-center,morgan,Morgan County,county,13211,,2026-07-21,Board of Commissioners,high,agenda-action,ocr,,data center,,… ow a telecommunications tower on 33.69 acres located on Brownwood Road (Tax Parcel 030-030B). Unfinished Business Data Center Moratorium - signing New Business 2. Resolution to Levy Taxes for the Fiscal Year 2027 and Tax Year 2026 3. Requ …,https://www.morgancountyga.gov/AgendaCenter/ViewFile/Agenda/_07212026-866
data-center,cherokee,Cherokee County,county,13057,Atlanta Regional Commission,2026-07-21,Board of Commissioners,high,agenda-action,granicus,,data center,,… LOSURE OF EXECUTIVE SESSION 3. AMENDMENTS TO AGENDA 3.1 Amend to add item 6.3 under Commission Business - Moratorium on Data Centers. 3.2 Amend to add item 6.4 under Commission Business - Public Hearing to Extend Moratorium. 4. PRESENTATIONS/PROCLAMAT …,https://cherokeega.granicus.com/AgendaViewer.php?view_id=1&clip_id=1582
data-center,paulding,Paulding County,county,13223,Atlanta Regional Commission,2026-07-14,Board of Commissioners,high,public-comment,ocr,,data center,,,https://mccmeetings.blob.core.usgovcloudapi.net/pauldingga-pubu/MEET-Agenda-ebd41cb0ecd343a0adf29c6de6088edc.pdf
data-center,paulding,Paulding County,county,13223,Atlanta Regional Commission,2026-07-14,Board of Commissioners,high,public-comment,ocr,,data center,,,https://mccmeetings.blob.core.usgovcloudapi.net/pauldingga-pubu/MEET-Agenda-a1c7758398e84dcd984b9089d676195f.pdf
data-center,dekalb,DeKalb County,county,13089,Atlanta Regional Commission,2026-07-14,Board of Commissioners,high,agenda-action,legistar,,data center,,"… trict(s): All Commission Districts A Resolution Requiring an Independent, Third-Party Health and Environmental Study of Data Centers and Their Possible Impact on DeKalb County and Board of Commissioners Review of the Study Before DeKalb County’s Data …",https://dekalbcountyga.legistar.com/MeetingDetail.aspx?LEGID=4482&GID=570&G=38B42E79-166F-4337-AE30-3665ECD50E7A
data-center,coweta,Coweta County,county,13077,,2026-07-14,Board of Commissioners,high,agenda-action,ocr,,data center,,… 1. Discussion Regarding the Fiscal Year 2027 Budget and 2026 Millage Rate 2. Discussion Regarding the Coweta County Data Center Ordinance 3. Discussion Regarding the Georgia Cottage Food Law and Local Ordinances Adjournment As set forth in …,"https://cowetacoga.api.civicclerk.com/v1/Meetings/GetMeetingFileStream(fileId=3536,plainText=false)"
data-center,morgan,Morgan County,county,13211,,2026-07-07,Board of Commissioners,high,unknown,ocr,,data center,,,https://www.morgancountyga.gov/AgendaCenter/ViewFile/Agenda/_07072026-864
data-center,douglas,Douglas County,county,13097,Atlanta Regional Commission,2026-07-07,Planning & Zoning,high,agenda-action,ocr,,data center,,"… oning from R-A (residential agriculture) to PUD (planned unit Z2026- development) and a Special Use Permit for a data center and 47/S2026-48 substation located on Poole, East & West Tyson Roads, Villa Rica, 30180. Land lot(s) 11 …","https://douglascountyga.api.civicclerk.com/v1/Meetings/GetMeetingFileStream(fileId=7412,plainText=false)"
data-center,dekalb,DeKalb County,county,13089,Atlanta Regional Commission,2026-07-07,Board of Commissioners,high,agenda-action,legistar,,data center,,… The Administration And Planning Department To Update The Recommended Substitute For Text Amendment 2025-0972 Regarding Data Center Regulations. Resolution,https://dekalbcountyga.legistar.com/MeetingDetail.aspx?LEGID=4480&GID=570&G=38B42E79-166F-4337-AE30-3665ECD50E7A
data-center,covington,City of Covington,city,,Broader Metropolitan Statistical Area,2026-07-06,City Council,high,agenda-action,ocr,,data center,,"… ovington, Georgia extending until October 20, 2026 a limited moratorium of the acceptance of applications for data center development. Motion carried with council members Rutberg, Henderson, Johnson and Turner voting in favor of the exte …",https://cityofcovington.org/ckeditorfiles/files/2026_CityCouncil_0706_Minutes.pdf
data-center,spalding,Spalding County,county,13255,,2026-06-25,Board of Commissioners,high,unknown,ocr,,data center,,,https://spaldingcounty.granicus.com/AgendaViewer.php?view_id=1&event_id=959
data-center,socialcircle,City of Social Circle,city,,Broader Metropolitan Statistical Area,2026-06-23,Planning Commission,high,agenda-action,ocr,,data center,,"… for Annexation of Tax Parcel C1480001 +/- 123.36 Acres into the City of Social Circle, as Part of a Proposed Data Center Development, Under Light Industrial (LI) Zoning. Application is Being Made Under the Provisions of the Offic …",https://socialcirclecityga.iqm2.com/Citizens/FileOpen.aspx?Type=14&ID=2144&Inline=True
data-center,paulding,Paulding County,county,13223,Atlanta Regional Commission,2026-06-23,Board of Commissioners,high,public-comment,ocr,,data center,,,https://mccmeetings.blob.core.usgovcloudapi.net/pauldingga-pubu/MEET-Agenda-b503389bc6cc4d04944776b3feda712d.pdf
data-center,paulding,Paulding County,county,13223,Atlanta Regional Commission,2026-06-23,Board of Commissioners,high,public-comment,ocr,,data center,,,https://mccmeetings.blob.core.usgovcloudapi.net/pauldingga-pubu/MEET-Agenda-697c3fb244314fa4bb0bc05ca489576f.pdf
data-center,dekalb,DeKalb County,county,13089,Atlanta Regional Commission,2026-06-23,Board of Commissioners,high,agenda-action,legistar,,data center,,"… and Sustainability to amend Chapter 27 to Establish a Definition, Regulatory Guidelines, and Development Standards for Data Centers in M (Industrial), M-2 (Heavy Industrial), O-I (Office-Institutional), and O-D (Office-Distribution) zoning districts. …",https://dekalbcountyga.legistar.com/MeetingDetail.aspx?LEGID=4479&GID=570&G=38B42E79-166F-4337-AE30-3665ECD50E7A
data-center,muscogee,Columbus-Muscogee County,consolidated,13215,West Georgia,2026-06-22,Columbus City Council,high,agenda-action,legistar,,data center,,"… agement, to enter into a professional architectural / engineering services agreement with BBCO Design LLC, for the 2026 Data Center West Facility Upgrades project; to authorize an expenditure up to $282,791.00 within the Information Services Capital P …",https://columbus.legistar.com/MeetingDetail.aspx?LEGID=6193&GID=139&G=4F637594-17B0-4E92-8196-37F14328D337
data-center,dekalb,DeKalb County,county,13089,Atlanta Regional Commission,2026-06-18,Committee of the Whole,high,agenda-action,legistar,,data center,,"… and Sustainability to amend Chapter 27 to Establish a Definition, Regulatory Guidelines, and Development Standards for Data Centers in M (Industrial), M-2 (Heavy Industrial), O-I (Office-Institutional), and O-D (Office-Distribution) zoning districts. …",https://dekalbcountyga.legistar.com/MeetingDetail.aspx?LEGID=4477&GID=570&G=38B42E79-166F-4337-AE30-3665ECD50E7A
data-center,coweta,Coweta County,county,13077,,2026-06-16,Board of Commissioners,high,agenda-action,ocr,,data center,,… ty Accountability Courts 15. Request Approval/Execution of a Resolution to Enact a Moratorium Associated with Data Centers 16. Request Approval/Execution of a Right-of-Entry Associated with Storm Drain Pipe Repair at 110 Hazelridge …,"https://cowetacoga.api.civicclerk.com/v1/Meetings/GetMeetingFileStream(fileId=3495,plainText=false)"
data-center,clayton,Clayton County,county,13063,Atlanta Regional Commission,2026-06-16,Board of Commissioners,high,agenda-action,ocr,,data center,,… by the Clayton County Department of Community Development relating to the establishment or expansion of data centers; to provide for an effective date of this resolution; and for other purposes. (Director Patrick Ejike) …,https://claytoncountyga.primegov.com/Public/CompiledDocument?meetingTemplateId=5367&compileOutputType=1
data-center,coweta,Coweta County,county,13077,,2026-06-11,Board of Commissioners,high,agenda-action,ocr,,data center,,… on of Rules Regular Session 1. Discussion Regarding the Fiscal Year 2027 Budget 2. Discussion Regarding Proposed Data Center Ordinance and Authority 3. Discussion Regarding Potential Data Center Moratorium 4. Discussion Regarding an Intergove …,"https://cowetacoga.api.civicclerk.com/v1/Meetings/GetMeetingFileStream(fileId=3526,plainText=false)"
data-center,paulding,Paulding County,county,13223,Atlanta Regional Commission,2026-06-09,Board of Commissioners,high,public-comment,ocr,,data center,,,https://mccmeetings.blob.core.usgovcloudapi.net/pauldingga-pubu/MEET-Agenda-d5fe02f4dfb840ea8a925eabc7469a2e.pdf
data-center,paulding,Paulding County,county,13223,Atlanta Regional Commission,2026-06-09,Board of Commissioners,high,public-comment,ocr,,data center,,,https://mccmeetings.blob.core.usgovcloudapi.net/pauldingga-pubu/MEET-Agenda-53c50a9b577e4da3ac29045ac55a9117.pdf
data-center,dekalb,DeKalb County,county,13089,Atlanta Regional Commission,2026-06-09,Board of Commissioners,high,agenda-action,legistar,,data center,,… DeKalb County Board of Commissioners to hold a public hearing to consider and review whether to extend a moratorium on Data Centers in DeKalb County. Resolution,https://dekalbcountyga.legistar.com/MeetingDetail.aspx?LEGID=4478&GID=570&G=38B42E79-166F-4337-AE30-3665ECD50E7A
data-center,clayton,Clayton County,county,13063,Atlanta Regional Commission,2026-06-09,Board of Commissioners,high,unknown,ocr,,data center,,,https://claytoncountyga.primegov.com/Public/CompiledDocument?meetingTemplateId=5146&compileOutputType=1
data-center,fulton,Fulton County,county,13121,Atlanta Regional Commission,2026-06-03,Board of Commissioners,high,agenda-action,legistar,,data center,,… peakers: Eric Strickland (Corporate Property Assessments); Mike Russell (Elections); LA Pink (Sheriff); Gregory Thomas (Data Centers); Maggie McCullom (Senior/Youth Recreation Centers); Janet Hill (Deed Fraud); Mike Johnson (District 5 Representative) …,https://fulton.legistar.com/MeetingDetail.aspx?LEGID=6387&GID=817&G=197058BF-F352-4423-BE44-04DFABBD8188
data-center,dekalb,DeKalb County,county,13089,Atlanta Regional Commission,2026-06-02,Committee of the Whole,high,agenda-action,legistar,,data center,,Data Center Discussion,https://dekalbcountyga.legistar.com/MeetingDetail.aspx?LEGID=4476&GID=570&G=38B42E79-166F-4337-AE30-3665ECD50E7A
data-center,carroll,Carroll County,county,13045,Broader Metropolitan Statistical Area,2026-06-02,Board of Commissioners,high,public-comment,ocr,,data center,,,"https://carrollcoga.api.civicclerk.com/v1/Meetings/GetMeetingFileStream(fileId=2936,plainText=false)"
data-center,muscogee,Columbus-Muscogee County,consolidated,13215,West Georgia,2026-06-01,Columbus City Council,high,agenda-action,legistar,,data center,,"… ctor of the Department of Technology to enter into a contract with Technology Site Planners, Inc. (TechSite) to provide data center alarm monitoring and first responder services; to waive the competitive bidding provisions of Chapter 329 of the Columb …",https://columbus.legistar.com/MeetingDetail.aspx?LEGID=6187&GID=139&G=4F637594-17B0-4E92-8196-37F14328D337
data-center,covington,City of Covington,city,,Broader Metropolitan Statistical Area,2026-06-01,City Council,high,agenda-action,ocr,,data center,,"… r to approve extending until August 4, 2026, a limited moratorium on the acceptance of applications for Data Center Development. Motion carried unanimously. ****** 9. Motion made by Council Member Johnson, seconde …",https://cityofcovington.org/ckeditorfiles/files/2026_CityCouncil_0601_Minutes.pdf
data-center,paulding,Paulding County,county,13223,Atlanta Regional Commission,2026-05-26,Board of Commissioners,high,public-comment,ocr,,data center,,,https://mccmeetings.blob.core.usgovcloudapi.net/pauldingga-pubu/MEET-Agenda-155bd2dfb58249ff9617a51ff72a5c2b.pdf
data-center,socialcircle,City of Social Circle,city,,Broader Metropolitan Statistical Area,2026-05-19,City Council,high,agenda-action,ocr,,data center,,"… r Annexation of Tax Parcel C1480001 +/- 123.36 Acres into the City of Social Circle, as Part of a Proposed Data Center Development, Under Light Industrial (LI) Zoning. Application is Being Made Under the Provisions of the Off …",https://socialcirclecityga.iqm2.com/Citizens/FileOpen.aspx?Type=14&ID=2138&Inline=True
data-center,muscogee,Columbus-Muscogee County,consolidated,13215,West Georgia,2026-05-18,Columbus City Council,high,agenda-action,legistar,,data center,,"… ctor of the Department of Technology to enter into a contract with Technology Site Planners, Inc. (TechSite) to provide data center alarm monitoring and first responder services; to waive the competitive bidding provisions of Chapter 329 of the Columb …",https://columbus.legistar.com/MeetingDetail.aspx?LEGID=6184&GID=139&G=4F637594-17B0-4E92-8196-37F14328D337
data-center,fayette,Fayette County,county,13113,Atlanta Regional Commission,2026-05-13,Board of Commissioners,high,unknown,ocr,,data center,,,https://www.fayettecountyga.gov/05-13-2026%20Retreat%20Minutes-tps.pdf
data-center,dekalb,DeKalb County,county,13089,Atlanta Regional Commission,2026-05-12,Board of Commissioners,high,agenda-action,legistar,,data center,,"… and Sustainability to amend Chapter 27 to Establish a Definition, Regulatory Guidelines, and Development Standards for Data Centers in M (Industrial), M-2 (Heavy Industrial), O-I (Office-Institutional), and O-D (Office-Distribution) zoning districts. …",https://dekalbcountyga.legistar.com/MeetingDetail.aspx?LEGID=4474&GID=570&G=38B42E79-166F-4337-AE30-3665ECD50E7A
data-center,clayton,Clayton County,county,13063,Atlanta Regional Commission,2026-05-12,Board of Commissioners,high,unknown,ocr,,data center,,,https://claytoncountyga.primegov.com/Public/CompiledDocument?meetingTemplateId=5343&compileOutputType=1
data-center,paulding,Paulding County,county,13223,Atlanta Regional Commission,2026-05-05,Board of Commissioners,high,public-comment,ocr,,data center,,,https://mccmeetings.blob.core.usgovcloudapi.net/pauldingga-pubu/MEET-Agenda-2f7f15ede2484c06b95fd7021a78329a.pdf
data-center,paulding,Paulding County,county,13223,Atlanta Regional Commission,2026-05-05,Board of Commissioners,high,public-comment,ocr,,data center,,,https://mccmeetings.blob.core.usgovcloudapi.net/pauldingga-pubu/MEET-Agenda-2e86c3dea75349e59c23de3d9b71384b.pdf
data-center,dekalb,DeKalb County,county,13089,Atlanta Regional Commission,2026-05-05,Committee of the Whole,high,agenda-action,legistar,,data center,,"… trict(s): All Commission Districts A Resolution Requiring an Independent, Third-Party Health and Environmental Study of Data Centers and Their Possible Impact on DeKalb County and Board of Commissioners Review of the Study Before DeKalb County’s Data …",https://dekalbcountyga.legistar.com/MeetingDetail.aspx?LEGID=4472&GID=570&G=38B42E79-166F-4337-AE30-3665ECD50E7A
data-center,covington,City of Covington,city,,Broader Metropolitan Statistical Area,2026-05-04,City Council,high,unknown,ocr,,data center,,,https://cityofcovington.org/ckeditorfiles/files/2026_CityCouncil_0504_Minutes.pdf
data-center,socialcircle,City of Social Circle,city,,Broader Metropolitan Statistical Area,2026-04-02,City Council,high,agenda-action,ocr,,data center,,… 1. ANX-2026-001. Request to Annex Tax Parcel C1480001 +/- 123.36 Acres as Part of a Proposed Data Center Development. 1402 Roy Malcom Road. 2. FLUM-2026-001. Request to Amend the Future Land Use Map to Designate T …,https://socialcirclecityga.iqm2.com/Citizens/FileOpen.aspx?Type=14&ID=2131&Inline=True
data-center,fayette,Fayette County,county,13113,Atlanta Regional Commission,2026-03-26,Board of Commissioners,high,unknown,ocr,,data center,,,https://www.fayettecountyga.gov/Documents/Government/Board%20of%20Commissioners/Agendas%20And%20Minutes/2026/Agenda/03-26-2026%20BOC%20Agenda.pdf
data-center,paulding,Paulding County,county,13223,Atlanta Regional Commission,2026-03-24,Board of Commissioners,high,agenda-action,ocr,,data center,,… st: __________________ Abstain: __________________ CONCLUSION OF REGULAR BUSINESS Cathy Copeland Re: Data Centers PUBLIC PARTICIPATION ON NON-AGENDA ITEMS: EXECUTIVE SESSION: None ADJOURNMENT 3/24/2026 …,https://mccmeetings.blob.core.usgovcloudapi.net/pauldingga-pubu/MEET-Agenda-2a85e3a9089548aeaa7e339b11edcddb.pdf
data-center,fulton,Fulton County,county,13121,Atlanta Regional Commission,2026-03-18,Board of Commissioners,high,agenda-action,legistar,,data center,,"… range a speaking date, contact the Clerk’s Office. (CONDUCTED) 14 Speakers: LA Pink (Fulton Corruption); Merlon Pierce (Data Centers/Chem Trails); Joyce Farmer (Fulton County Jail/Sheriff); Dr. Valerie Montgomery Rice (#26-0156); Jeromey Beaman (#26-0 …",https://fulton.legistar.com/MeetingDetail.aspx?LEGID=6380&GID=817&G=197058BF-F352-4423-BE44-04DFABBD8188
data-center,covington,City of Covington,city,,Broader Metropolitan Statistical Area,2026-03-16,City Council,high,unknown,ocr,,data center,,,https://cityofcovington.org/ckeditorfiles/files/2026_CityCouncil_0316_Minutes.pdf
data-center,fayette,Fayette County,county,13113,Atlanta Regional Commission,2026-02-26,Board of Commissioners,high,unknown,ocr,,data center,,,https://www.fayettecountyga.gov/Documents/Government/Board%20of%20Commissioners/Agendas%20And%20Minutes/2026/Agenda/02-26-2026%20BOC%20Agenda.pdf
data-center,fayette,Fayette County,county,13113,Atlanta Regional Commission,2026-02-12,Board of Commissioners,high,agenda-action,ocr,,data center,,"… use the property for. Ms. Bell stated that they said business park which could include several things, for example, data center. Commissioner Maxwell asked if this request was in conjunction with Funspot. Ms. Bell stated that all the parcels …",https://www.fayettecountyga.gov/Documents/Government/Board%20of%20Commissioners/Agendas%20And%20Minutes/2026/Agenda/02-12-2026%20BOC%20Agenda.pdf
data-center,fayette,Fayette County,county,13113,Atlanta Regional Commission,2026-01-22,Board of Commissioners,high,unknown,ocr,,data center,,,https://www.fayettecountyga.gov/Documents/Government/Board%20of%20Commissioners/Agendas%20And%20Minutes/2026/Agenda/01-22-2026%20BOC%20Agenda%20(section%201).pdf
data-center,covington,City of Covington,city,,Broader Metropolitan Statistical Area,2026-01-20,City Council,high,agenda-action,ocr,,data center,,"… ton, Georgia enacting a limited moratorium until July 4, 2026 on the acceptance of applications for Data Center Development Motion carried unanimously. ****** 3. Motion made by Council Member Davis, seconde …",https://cityofcovington.org/ckeditorfiles/files/2026_CityCouncil_0120_Minutes.pdf
data-center,covington,City of Covington,city,,Broader Metropolitan Statistical Area,2026-01-05,City Council,high,agenda-action,ocr,,data center,,"… il Member Rutberg, seconded by Council Member Davis to amend the agenda to add a discussion of moratorium for Data Centers. Motion carried unanimously. ****** 3. Motion made by Council Member Henderson, seconded by Counc …",https://cityofcovington.org/ckeditorfiles/files/2026_CityCouncil_0105_Minutes.pdf
data-center,covington,City of Covington,city,,Broader Metropolitan Statistical Area,2025-12-15,City Council,high,unknown,ocr,,data center,,,https://cityofcovington.org/ckeditorfiles/files/2025_CityCouncil_1215_Minutes.pdf
data-center,fayette,Fayette County,county,13113,Atlanta Regional Commission,2025-10-23,Board of Commissioners,high,unknown,ocr,,data center,,,https://www.fayettecountyga.gov/Documents/Government/Board%20of%20Commissioners/Agendas%20And%20Minutes/2025/Agenda/10-23-2025%20BOC%20Agenda.pdf
land-use,cobb,Cobb County,county,13067,Atlanta Regional Commission,2026-11-12,Board of Zoning Appeals,high,unknown,ocr,,variance,variance,,"https://cobbcoga.api.civicclerk.com/v1/Meetings/GetMeetingFileStream(fileId=10237,plainText=false)"
land-use,walton,Walton County,county,13297,Broader Metropolitan Statistical Area,2026-11-05,Planning Commission,high,agenda-action,ocr,,rezon; subdivision,development; rezoning,"… 4. NEW BUSINESS 4.1. Z26-0288 – Rezone 86.83 acres from A2OSC to R1OSC to create a 71-lot residential subdivision – Applicant: K and M Home Builders, LLC/Owner: Pleasant Valley Developers, LLC- Property located on Pleasant …",https://mccmeetings.blob.core.usgovcloudapi.net/waltonco-pubu/MEET-Agenda-c547d65b05064bf0b5c14cde88314e49.pdf
land-use,carroll,Carroll County,county,13045,Broader Metropolitan Statistical Area,2026-11-05,Board of Appeals,high,unknown,ocr,,variance,variance,,"https://carrollcoga.api.civicclerk.com/v1/Meetings/GetMeetingFileStream(fileId=3025,plainText=false)"
land-use,cobb,Cobb County,county,13067,Atlanta Regional Commission,2026-11-03,Planning Commission,high,agenda-action,ocr,,slup,special-land-use,… LUP-37-2026 District 3 - 230 Rocky Top Court 11. LUP-38-2026 District 3 - 568 Tate Creek Court 12. SLUP-10-2026 District 1 - 3261 Ernest Barrett Parkway 13. SLUP-11-2026 District 2 - 465 Big Shanty Road Other Busi …,"https://cobbcoga.api.civicclerk.com/v1/Meetings/GetMeetingFileStream(fileId=10241,plainText=false)"
land-use,clarke,Athens-Clarke County,consolidated,13059,Northeast Georgia,2026-10-21,Historic Preservation Commission,high,agenda-action,ocr,,mixed-use,development,… ng structure to allow for greenspace on most of the property with an area at the south end including a portion of a new mixed-use development. This project came before the HPC as a concept review at the August meeting. …,https://www.accgov.com/AgendaCenter/ViewFile/Agenda/_10212026-3099
land-use,dawson,Dawson County,county,13085,,2026-10-20,Planning Commission,high,agenda-action,ocr,,future land use; mixed use; rezon,comprehensive-plan; development; rezoning,"… 055 028). 2. ZA 26-24: Harold Nissley has submitted an application to the proper authorities to amend the Future land Use/Character Area designation of 2.1 acres from Rural Living to Lanier, followed by a rezoning from RRE (Resident …",https://mccmeetings.blob.core.usgovcloudapi.net/daga-pubu/MEET-Agenda-4650fd4d999a4967b406a4d47bbbba6f.pdf
land-use,muscogee,Columbus-Muscogee County,consolidated,13215,West Georgia,2026-10-19,Zoning Committee,high,agenda-action,legistar,,apartment; rezon; variance,development; rezoning; variance,"… d on the west side of Demorest Road; 460± feet north of White Spruce Lane, From: R, Rural District, To: L-AR-1, Limited Apartment Residential District (Rezoning #Z25-055). Ordinance",https://columbus.legistar.com/MeetingDetail.aspx?LEGID=6216&GID=139&G=4F637594-17B0-4E92-8196-37F14328D337
land-use,cobb,Cobb County,county,13067,Atlanta Regional Commission,2026-10-14,Board of Zoning Appeals,high,unknown,ocr,,variance,variance,,"https://cobbcoga.api.civicclerk.com/v1/Meetings/GetMeetingFileStream(fileId=10260,plainText=false)"
land-use,pickens,Pickens County,county,13227,,2026-10-13,Planning Commission,high,agenda-action,ocr,,rezon,rezoning,"… IANCE II. READING AND APPROVAL OF PREVIOUS MINUTES III. OLD BUSINESS IV. NEW BUSINESS A. REZONES • RZ-191208 – Big South Real Estate Holdings, LLC 734 Harmony Scho …",https://www.pickenscountyga.gov/AgendaCenter/ViewFile/Agenda/_10132026-197
land-use,lumpkin,Lumpkin County,county,13187,,2026-10-13,Land Use & Development Regulations Review Committee,high,unknown,ocr,,multi-family; subdivision,development,,"https://lumpkincoga.api.civicclerk.com/v1/Meetings/GetMeetingFileStream(fileId=4383,plainText=false)"
land-use,lumpkin,Lumpkin County,county,13187,,2026-10-12,Planning Commission,high,agenda-action,ocr,,multifamily; subdivision; variance,development; variance,… arcel Number: 048-060 Character Area: Commerce Corridor Case 194 is a request for a Final Plat of a Class VII subdivision entitled The Oaks at Auraria (Phase 2) (12 lots) Per Sec 26-66 & 26-164 3. Location: 1049 BEN HIGGINS ROAD; DAH …,"https://lumpkincoga.api.civicclerk.com/v1/Meetings/GetMeetingFileStream(fileId=4351,plainText=false)"
land-use,hall,Hall County,county,13139,Northeast Georgia,2026-10-08,Board of Commissioners,high,unknown,ocr,,conditional use; rezon; subdivision; variance,development; rezoning; special-land-use; variance,,https://nyc3.digitaloceanspaces.com/hall-county-agenda-pub/media/pdfs/agenda-list-MG-332-vm-20261008125536200202.pdf
land-use,fayette,Fayette County,county,13113,Atlanta Regional Commission,2026-10-08,Board of Commissioners,high,agenda-action,ocr,,comprehensive plan; land use plan; multi-family; rezon; subdivision,comprehensive-plan; development; rezoning,… ARING: 1. Public Hearing to brief the community on the process of the Full Plan Update of the Fayette County Comprehensive Plan. Planning and Zoning Director Debbie Bell introduced the Fayette County Comprehensive Plan and Caroline Evans of Blue …,https://www.fayettecountyga.gov/10-08-2026%20BOC%20Agenda.pdf
land-use,cherokee,Cherokee County,county,13057,Atlanta Regional Commission,2026-10-08,Zoning Board of Appeals,high,agenda-action,granicus,,subdivision; variance,development; variance,"… Section 4, Development Standards, Section 4.05 to utilize Residential Road Standard 1 & 2 (Urban) instead of the Rural Subdivision Street; Variance to Article 5, Section 5.5-2A.c.iii. Variance to Article 5, Section 5.5-11.1a. and b (flag lot). 2.5 Ca …",https://cherokeega.granicus.com/AgendaViewer.php?view_id=1&event_id=1181
land-use,barrow,Barrow County,county,13013,Broader Metropolitan Statistical Area,2026-10-08,Board of Appeals,high,unknown,granicus,,variance,variance,,https://barrowga.granicus.com/AgendaViewer.php?view_id=1&event_id=770
land-use,fulton,Fulton County,county,13121,Atlanta Regional Commission,2026-10-07,Board of Commissioners,high,agenda-action,legistar,,subdivision,development,"… l of an Indemnification, Maintenance, and Land Use Agreement for Private Improvement between Fulton County, a political subdivision of the State of Georgia, and Mayfield Development, LLC, for the purpose of granting conditional approval to allow storm …",https://fulton.legistar.com/MeetingDetail.aspx?LEGID=6397&GID=817&G=197058BF-F352-4423-BE44-04DFABBD8188
land-use,walton,Walton County,county,13297,Broader Metropolitan Statistical Area,2026-10-06,Board of Commissioners,high,unknown,ocr,,rezon; subdivision,development; rezoning,,https://mccmeetings.blob.core.usgovcloudapi.net/waltonco-pubu/MEET-Agenda-46583f5dfb234249b9e7eb61aa450849.pdf
land-use,forsyth,Forsyth County,county,13117,Atlanta Regional Commission,2026-10-06,Board of Commissioners,high,unknown,ocr,,comprehensive plan; rezon,comprehensive-plan; rezoning,,"https://forsythcoga.api.civicclerk.com/v1/Meetings/GetMeetingFileStream(fileId=5364,plainText=false)"
land-use,douglas,Douglas County,county,13097,Atlanta Regional Commission,2026-10-06,Planning & Zoning,high,agenda-action,ocr,,rezon,rezoning,"… igned by Alexander Dike. Commission District: #3. Z2026-81 Anmi De La Rosa Lugo – a request for a rezoning from R-LD-C (residential low-density w/conditions) to C-H (heavy commercial) for a 5,0 …","https://douglascountyga.api.civicclerk.com/v1/Meetings/GetMeetingFileStream(fileId=7572,plainText=false)"
land-use,douglas,Douglas County,county,13097,Atlanta Regional Commission,2026-10-06,Board of Commissioners,high,agenda-action,ocr,,annexed; warehouse,annexation; development,"… inal legal review. 17. Approval for the Board of Elections & Voter Registration to enter into a Lease Agreement for annexed office space in the amount of $2,895 per month to be funded by the Board of Elections budget and authorize the Chai …","https://douglascountyga.api.civicclerk.com/v1/Meetings/GetMeetingFileStream(fileId=7587,plainText=false)"
land-use,dekalb,DeKalb County,county,13089,Atlanta Regional Commission,2026-10-06,Committee of the Whole,high,agenda-action,legistar,,rezon; townhome,development; rezoning,"… tutional) zoning district to MR-1 (Medium Density Residential-1) zoning district to allow for a single-family attached (townhome) development, at 729 Old Briarcliff Road. Ordinance",https://dekalbcountyga.legistar.com/MeetingDetail.aspx?LEGID=4679&GID=570&G=38B42E79-166F-4337-AE30-3665ECD50E7A
land-use,columbia,Columbia County,county,13073,Central Savannah River Area,2026-10-06,Board of Commissioners,high,agenda-action,ocr,,rezon,rezoning,"… and currently zoned PRD (Planned Residential Development). 2. (I1b2) RZ26-09-04, Rezoning from R-1 (Single Family Residential) to C-3 (Heavy Commercial), 5125 & 5147 Columb …","https://columbiacoga.api.civicclerk.com/v1/Meetings/GetMeetingFileStream(fileId=13850,plainText=false)"
land-use,cobb,Cobb County,county,13067,Atlanta Regional Commission,2026-10-06,Planning Commission,high,agenda-action,ocr,,land use permit; rezon; slup; variance,rezoning; special-land-use; variance,"… AND ISRAEL NAVA RIVERA (Alex Brandon Nava Cruz and Israel Nava Rivera, Owners) requesting rezoning from CF to CRC for a Landscaping Business in Land Lot 279 of the 17th District. The property is Locat …","https://cobbcoga.api.civicclerk.com/v1/Meetings/GetMeetingFileStream(fileId=10264,plainText=false)"
land-use,clayton,Clayton County,county,13063,Atlanta Regional Commission,2026-10-06,Board of Commissioners,high,agenda-action,ocr,,subdivision; townhome,development,"… , 2026, in the amount of $140,094. 7. LS-2604-0214 - Final Plat - Street Acceptance for Cash's Crossing Phase 1 Subdivision (Commission District 1 - Alaina Reaves) Sec. 86-129. - Acceptance of public improvements requires final plat …",https://claytoncountyga.primegov.com/Public/CompiledDocument?meetingTemplateId=5423&compileOutputType=1
land-use,clarke,Athens-Clarke County,consolidated,13059,Northeast Georgia,2026-10-06,Mayor & Commission Meetings,high,unknown,ocr,,future land use; mixed-use; rezon,comprehensive-plan; development; rezoning,,https://www.accgov.com/AgendaCenter/ViewFile/Agenda/_10062026-3101
land-use,cherokee,Cherokee County,county,13057,Atlanta Regional Commission,2026-10-06,Board of Commissioners,high,agenda-action,granicus,,rezon,rezoning,… n on Case #26-09-042V. 10.2 Case #26-09-020 - Karen Lance for Tony Little (BOC Dist. 1). The applicant is requesting to rezone 5.91 +/- acres from R-80 (Estate Residential) to AG (General Agriculture). 11. CONSENT AGENDA 11.1 Update to CATS Titl …,https://cherokeega.granicus.com/AgendaViewer.php?view_id=1&clip_id=1620
land-use,carroll,Carroll County,county,13045,Broader Metropolitan Statistical Area,2026-10-06,Board of Commissioners,high,public-comment,ocr,,conditional use,special-land-use,,"https://carrollcoga.api.civicclerk.com/v1/Meetings/GetMeetingFileStream(fileId=3027,plainText=false)"
land-use,banks,Banks County,county,13011,,2026-10-06,Planning Commission,high,agenda-action,ocr,,conditional use; multi-family,development; special-land-use,… essory structure for mechanical contractor. 5. PUBLIC HEARING: CODE REVIEW a. Landfills b. R2 Multi-Family Housing 6. ROUNDTABLE DISCUSSION 7. ADJOURNMENT,https://mccmeetings.blob.core.usgovcloudapi.net/banksctyga-pubu/MEET-Agenda-6f6a5b2a62824f30b63641d58280e605.pdf
land-use,lumpkin,Lumpkin County,county,13187,,2026-10-05,Land Use & Development Regulations Review Committee,high,unknown,ocr,,multi-family; subdivision,development,,"https://lumpkincoga.api.civicclerk.com/v1/Meetings/GetMeetingFileStream(fileId=4355,plainText=false)"
land-use,hall,Hall County,county,13139,Northeast Georgia,2026-10-05,Board of Commissioners,high,agenda-action,ocr,,conditional use; rezon; subdivision; variance,development; rezoning; special-land-use; variance,"… ssion District 3 | Sullins Engineering, LLC, applicant 17 3004 Candler Road | Special Use | for a nonresidential subdivision | on an 8.19± acre tract located on the southwest corner of Candler Road and Dale Road | Zoned AR-1; Tax Parc …",https://nyc3.digitaloceanspaces.com/hall-county-agenda-pub/media/pdfs/agenda-list-MG-332-ws-20261002185713484412.pdf
land-use,douglas,Douglas County,county,13097,Atlanta Regional Commission,2026-10-05,Board of Commissioners,high,public-comment,ocr,,annexed; warehouse,annexation; development,,"https://douglascountyga.api.civicclerk.com/v1/Meetings/GetMeetingFileStream(fileId=7583,plainText=false)"
land-use,morgan,Morgan County,county,13211,,2026-10-01,Planning Commission,high,agenda-action,ocr,,conditional use,special-land-use,"… located on Buckhead Road (Tax Parcels 044-045 and 043-058). II. Evan Bowles, on behalf of Inman Solar, is requesting conditional use approval for a 35 acres solar farm located on Buckhead Road (Tax Parcels 044-045 and 043-058). III. Morgan …",https://www.morgancountyga.gov/AgendaCenter/ViewFile/Agenda/_10012026-880
land-use,forsyth,Forsyth County,county,13117,Atlanta Regional Commission,2026-10-01,Board of Commissioners,high,unknown,ocr,,comprehensive plan; rezon; variance,comprehensive-plan; rezoning; variance,,"https://forsythcoga.api.civicclerk.com/v1/Meetings/GetMeetingFileStream(fileId=5354,plainText=false)"
land-use,columbia,Columbia County,county,13073,Central Savannah River Area,2026-10-01,Planning Commission,high,unknown,ocr,,rezon,rezoning,,"https://columbiacoga.api.civicclerk.com/v1/Meetings/GetMeetingFileStream(fileId=13833,plainText=false)"
land-use,clarke,Athens-Clarke County,consolidated,13059,Northeast Georgia,2026-10-01,Planning Commission,high,agenda-action,ocr,,future land use; rezon,comprehensive-plan; rezoning,"… artners I, LLC Request: Rezone from AR (Agricultural Residential) to C-G (Commercial General), and Future Land Use change from Rural to TBD. Tax ID: 102 019 2. 4370 Old Lexington Road – ZONE-2026-08-1800 Type I – Rezone …",https://www.accgov.com/AgendaCenter/ViewFile/Agenda/_10012026-3079
land-use,spalding,Spalding County,county,13255,,2026-09-29,Planning Commission,high,agenda-action,ocr,,rezon; variance,rezoning; variance,"… 3rd Land District, Parcel No. 218 02024A, consisting of 8.13 acres. The applicant is requesting to rezone the property from R-2, Single-Family Residential, and AR-1, Agricultural Residential, to C-1, Highway Commer …",https://spaldingcounty.granicus.com/AgendaViewer.php?view_id=1&event_id=1041
land-use,newton,Newton County,county,13217,Broader Metropolitan Statistical Area,2026-09-29,Planning Commission,high,unknown,ocr,,comprehensive plan; conditional use; future land use; rezon,comprehensive-plan; rezoning; special-land-use,,https://www.newtoncountyga.gov/AgendaCenter/ViewFile/Agenda/_09292026-1006
land-use,newton,Newton County,county,13217,Broader Metropolitan Statistical Area,2026-09-29,Planning Commission,high,unknown,ocr,,comprehensive plan; conditional use; future land use; rezon,comprehensive-plan; rezoning; special-land-use,,https://www.newtoncountyga.gov/AgendaCenter/ViewFile/Agenda/_09292026-1004
land-use,morgan,Morgan County,county,13211,,2026-09-29,Board of Commissioners,high,unknown,ocr,,conditional use; subdivision; variance; warehouse,development; special-land-use; variance,,https://www.morgancountyga.gov/AgendaCenter/ViewFile/Agenda/_09292026-878
land-use,meriwether,Meriwether County,county,13199,,2026-09-29,Board of Commissioners,high,agenda-action,ocr,,rezon,rezoning,"… INUTES 1. Minutes, September 14, 2026, Regular Meeting at 6:00 p.m. X. PUBLIC HEARING 1. Case #PC26-012 – Rezoning request submitted by Complete Truck Bodies, Inc. for Parcel No. 166-018-002, consisting of 19.37 acres, from …",https://www.meriwethercountyga.gov/AgendaCenter/ViewFile/Agenda/_09292026-659
land-use,muscogee,Columbus-Muscogee County,consolidated,13215,West Georgia,2026-09-28,Zoning Committee,high,agenda-action,legistar,,apartment; rezon; variance,development; rezoning; variance,"… eight and area regulations, of the Columbus City codes; for the property located at 966 DUBLIN RD. (43215), to allow an apartment complex with reduced development standards in the M, Manufacturing District and the CPD, Commercial Planned Development …",https://columbus.legistar.com/MeetingDetail.aspx?LEGID=6210&GID=139&G=4F637594-17B0-4E92-8196-37F14328D337
land-use,muscogee,Columbus-Muscogee County,consolidated,13215,West Georgia,2026-09-28,Columbus City Council,high,agenda-action,legistar,,annexation,annexation,"To accept the application (AN26-008) of Tracy L. Zwayer & Richard L. Zwayer, II, Trustee et al. for the annexation of certain territory containing 279.5± acres in Brown & Norwich Township. ($0.00) Ordinance",https://columbus.legistar.com/MeetingDetail.aspx?LEGID=6211&GID=139&G=4F637594-17B0-4E92-8196-37F14328D337
land-use,spalding,Spalding County,county,13255,,2026-09-24,Board of Commissioners,high,unknown,ocr,,rezon; townhome; variance,development; rezoning; variance,,https://spaldingcounty.granicus.com/AgendaViewer.php?view_id=1&event_id=962
land-use,fayette,Fayette County,county,13113,Atlanta Regional Commission,2026-09-24,Board of Commissioners,high,agenda-action,ocr,,comprehensive plan; land use plan; rezon; variance,comprehensive-plan; rezoning; variance,"… ng for the Agenda: Public Hearing to brief the community on the process of the Full Plan Update of the Fayette County Comprehensive Plan. Background/History/Details: Rules of Georgia Department of Community Affairs, Chapter 110-12-1-.04 Procedures, …",https://www.fayettecountyga.gov/09-24-2026%20BOC%20Agenda.pdf
land-use,dekalb,DeKalb County,county,13089,Atlanta Regional Commission,2026-09-24,Board of Commissioners - Zoning Meeting,high,agenda-action,legistar,,apartment; land use permit; land use plan; rezon; slup; special land use; subdivision; townhome,comprehensive-plan; development; rezoning; special-land-use,… ation of Director of Planning & Sustainability for a text amendment to Chapter 5: Small Area Plans of the Comprehensive Land Use Plan. This application is intended to incorporate Embry Hills-Presidential Parkway & Surrounding Communities Placemaking Str …,https://dekalbcountyga.legistar.com/MeetingDetail.aspx?LEGID=4540&GID=570&G=38B42E79-166F-4337-AE30-3665ECD50E7A
land-use,coweta,Coweta County,county,13077,,2026-09-24,Board of Zoning Appeals,high,agenda-action,ocr,,conditional use; variance,special-land-use; variance,"… Petitions 2. Public Hearing Regarding Petition # CONDUSE 26-004 Filed by Frenchies and Scots, LLC Requesting a Conditional Use Permit for Property Located off Hwy 54, Sharpsburg - District 1 - WITHDRAWN BY THE APPLICANT REPRESENTATIVE ON SE …","https://cowetacoga.api.civicclerk.com/v1/Meetings/GetMeetingFileStream(fileId=3657,plainText=false)"
land-use,paulding,Paulding County,county,13223,Atlanta Regional Commission,2026-09-22,Board of Commissioners,high,,ocr,,rezon; variance,rezoning; variance,,https://mccmeetings.blob.core.usgovcloudapi.net/pauldingga-pubu/MEET-Agenda-5ff47cbd526d45dd98174b3db16a9979.pdf
land-use,hall,Hall County,county,13139,Northeast Georgia,2026-09-22,Board of Commissioners,high,unknown,ocr,,mixed use; rezon; subdivision; variance,development; rezoning; variance,,https://nyc3.digitaloceanspaces.com/hall-county-agenda-pub/media/pdfs/agenda-list-MG-353-vm-20260922142429745468.pdf
land-use,gwinnett,Gwinnett County,county,13135,Atlanta Regional Commission,2026-09-22,Board of Commissioners,high,unknown,ocr,,rezon; variance,rezoning; variance,,https://www.gwinnettcounty.com/static/upload/bac/52/20260922/a_67247_2026.09.22___Public_Hearing_Agenda.pdf
land-use,forsyth,Forsyth County,county,13117,Atlanta Regional Commission,2026-09-22,Board of Commissioners,high,unknown,ocr,,comprehensive plan; rezon,comprehensive-plan; rezoning,,"https://forsythcoga.api.civicclerk.com/v1/Meetings/GetMeetingFileStream(fileId=5347,plainText=false)"
land-use,dekalb,DeKalb County,county,13089,Atlanta Regional Commission,2026-09-22,Board of Commissioners,high,agenda-action,legistar,,rezon,rezoning,Commission District(s): 2 and 6 Application of Mohammad Alawneh to rezone property from O-I (Office-Institution) zoning district to C-1 (Local Commercial) zoning district to allow salon suites …,https://dekalbcountyga.legistar.com/MeetingDetail.aspx?LEGID=4489&GID=570&G=38B42E79-166F-4337-AE30-3665ECD50E7A
land-use,coweta,Coweta County,county,13077,,2026-09-22,Board of Commissioners,high,agenda-action,ocr,,comprehensive plan; conditional use; rezon; variance,comprehensive-plan; rezoning; special-land-use; variance,"… ill call for any comments regarding the following items after each item is presented) 3. Public Hearing Regarding the Comprehensive Plan Update 4. Public Hearing Regarding Petition # REZ 26-13 Filed by J. Neal Shepard, Jr. and Phillip M. Shepard Re …","https://cowetacoga.api.civicclerk.com/v1/Meetings/GetMeetingFileStream(fileId=3659,plainText=false)"
land-use,pickens,Pickens County,county,13227,,2026-09-21,Board of Commissioners,high,unknown,ocr,,rezon,rezoning,,https://www.pickenscountyga.gov/AgendaCenter/ViewFile/Agenda/_09212026-194
land-use,lumpkin,Lumpkin County,county,13187,,2026-09-21,Land Use & Development Regulations Review Committee,high,unknown,ocr,,multi-family; subdivision,development,,"https://lumpkincoga.api.civicclerk.com/v1/Meetings/GetMeetingFileStream(fileId=4329,plainText=false)"
land-use,douglas,Douglas County,county,13097,Atlanta Regional Commission,2026-09-21,Planning & Zoning,high,unknown,ocr,,variance,variance,,"https://douglascountyga.api.civicclerk.com/v1/Meetings/GetMeetingFileStream(fileId=7554,plainText=false)"
land-use,forsyth,Forsyth County,county,13117,Atlanta Regional Commission,2026-09-17,Board of Commissioners,high,unknown,ocr,,rezon; subdivision; variance,development; rezoning; variance,,"https://forsythcoga.api.civicclerk.com/v1/Meetings/GetMeetingFileStream(fileId=5329,plainText=false)"
land-use,columbia,Columbia County,county,13073,Central Savannah River Area,2026-09-17,Planning Commission,high,unknown,ocr,,rezon,rezoning,,"https://columbiacoga.api.civicclerk.com/v1/Meetings/GetMeetingFileStream(fileId=13811,plainText=false)"
land-use,barrow,Barrow County,county,13013,Broader Metropolitan Statistical Area,2026-09-17,Planning Commission,high,agenda-action,granicus,,future land use; rezon; subdivision,comprehensive-plan; development; rezoning,… / Applicant and Owner; Special Use request to UDC Sec. 89-190(d) for a ±133.99-acre expansion of an existing landfill . Future Land Use Map amendment to parcels XX052 106 & 115 to Rural Neighborhood to allow for a rezone consisting of ±5.18 acres from AR …,https://barrowga.granicus.com/AgendaViewer.php?view_id=1&clip_id=1162
land-use,fulton,Fulton County,county,13121,Atlanta Regional Commission,2026-09-16,Board of Commissioners,high,agenda-action,legistar,,multifamily; subdivision,development,"… ntenance, and Land Use Agreement for Private Improvement (Indemnification Agreement) between Fulton County, a political subdivision of the State of Georgia, and City of Alpharetta, for the purpose of granting conditional approval to allow stormwater i …",https://fulton.legistar.com/MeetingDetail.aspx?LEGID=6396&GID=817&G=197058BF-F352-4423-BE44-04DFABBD8188
land-use,walton,Walton County,county,13297,Broader Metropolitan Statistical Area,2026-09-15,Board of Appeals,high,agenda-action,ocr,,variance,variance,… 2. APPROVAL OF MINUTES 2.1. Additions/Deletions 3. OLD BUSINESS 4. NEW BUSINESS 4.1. V26-0205 - Variance to use existing easement to build a house on 5 acres - Applicant: Kevin Harris/Owners: Kevin & Tiffany Ha …,https://mccmeetings.blob.core.usgovcloudapi.net/waltonco-pubu/MEET-Agenda-5a11d16fe6c84a9588069c9f12c63df1.pdf
land-use,socialcircle,City of Social Circle,city,,Broader Metropolitan Statistical Area,2026-09-15,City Council,high,agenda-action,ocr,,rezon; variance,rezoning; variance,… COUNCIL REQUESTS VII. AGENDA APPROVAL VIII. PUBLIC HEARINGS 1. REZ-2026-007 - Request to Rezone from Residential-15 (R-15) to Office Institutional (OI) to Develop a Proposed Financial Service at 317 N …,https://socialcirclecityga.iqm2.com/Citizens/FileOpen.aspx?Type=14&ID=2168&Inline=True
land-use,newton,Newton County,county,13217,Broader Metropolitan Statistical Area,2026-09-15,Board of Commissioners,high,agenda-action,ocr,,mixed use; subdivision; townhome,development,"… 4.35 acres Request: Appeal to the Planning Commission’s decision to deny the preliminary plat for the Riverstone Grove Mixed Use Development at Salem Road & Kirkland Road with 28 townhomes and a 4,400 square foot retail building. On 5/26/26, the Pl …",https://www.newtoncountyga.gov/AgendaCenter/ViewFile/Agenda/_09152026-1001
land-use,douglas,Douglas County,county,13097,Atlanta Regional Commission,2026-09-15,Board of Commissioners,high,unknown,ocr,,apartment; comprehensive plan; multi-family; subdivision; variance; warehouse,comprehensive-plan; development; variance,,"https://douglascountyga.api.civicclerk.com/v1/Meetings/GetMeetingFileStream(fileId=7551,plainText=false)"
land-use,dekalb,DeKalb County,county,13089,Atlanta Regional Commission,2026-09-15,Board of Commissioners,high,agenda-action,legistar,,rezon,rezoning,Commission District(s): 2 and 6 Application of Mohammad Alawneh to rezone property from O-I (Office-Institution) zoning district to C-1 (Local Commercial) zoning district to allow salon suites …,https://dekalbcountyga.legistar.com/MeetingDetail.aspx?LEGID=4490&GID=570&G=38B42E79-166F-4337-AE30-3665ECD50E7A
land-use,dawson,Dawson County,county,13085,,2026-09-15,Planning Commission,high,agenda-action,ocr,,future land use; mixed use; rezon; variance,comprehensive-plan; development; rezoning; variance,… on of a new Hampton Inn (Hotel). The proposed rezoning is consistent with the Georgia 400 Mixed Use Future Land Use/Character Area Map. The subject property is located between Blue Ridge Parkway and Highway 400 South (Parcel …,https://mccmeetings.blob.core.usgovcloudapi.net/daga-pubu/MEET-Agenda-713d2e938d064bdf94eb986533cb9d11.pdf
land-use,columbia,Columbia County,county,13073,Central Savannah River Area,2026-09-15,Board of Commissioners,high,agenda-action,ocr,,conditional use; rezon; variance,rezoning; special-land-use; variance,"… 082 Parcel 079H, 0.51 +/- acres, and currently zoned P-1 (Professional). 2. (I2b2) RZ26-09-02, Rezoning from R-A (Residential Agricultural) to S-1 (Special), off Old Appling Harlem Highw …","https://columbiacoga.api.civicclerk.com/v1/Meetings/GetMeetingFileStream(fileId=13815,plainText=false)"
land-use,cobb,Cobb County,county,13067,Atlanta Regional Commission,2026-09-15,Board of Commissioners,high,agenda-action,ocr,,apartment; land use permit; rezon; slup; variance,development; rezoning; special-land-use; variance,"… rship, Owner) requesting rezoning from RSL (supportive) to RSL (non-supportive) for senior living apartments in land lot 55 of the 20th district. Property is located on the north side of Hickory Grove Road, and on th …","https://cobbcoga.api.civicclerk.com/v1/Meetings/GetMeetingFileStream(fileId=10219,plainText=false)"
land-use,clayton,Clayton County,county,13063,Atlanta Regional Commission,2026-09-15,Board of Commissioners,high,unknown,ocr,,conditional use,special-land-use,,https://claytoncountyga.primegov.com/Public/CompiledDocument?meetingTemplateId=5415&compileOutputType=1
land-use,clarke,Athens-Clarke County,consolidated,13059,Northeast Georgia,2026-09-15,Mayor & Commission Meetings,high,unknown,ocr,,future land use; mixed-use; rezon,comprehensive-plan; development; rezoning,,https://www.accgov.com/AgendaCenter/ViewFile/Agenda/_09152026-3078
land-use,cherokee,Cherokee County,county,13057,Atlanta Regional Commission,2026-09-15,Board of Commissioners,high,agenda-action,granicus,,annexation; apartment; multi-family; rezon,annexation; development; rezoning,"… oholic Beverages, Sec. 6-83, Distilled Spirits Retail Districts. 8.8 Public Hearing - Case #26-09-021 - Holly Springs Deannexation/Rezoning - Board Initiated - Parc Terrace. Conduct a public hearing to consider Case #26-09-021 - Holly Springs Deannex …",https://cherokeega.granicus.com/AgendaViewer.php?view_id=1&clip_id=1614
land-use,carroll,Carroll County,county,13045,Broader Metropolitan Statistical Area,2026-09-15,Planning & Zoning,high,unknown,ocr,,conditional use,special-land-use,,"https://carrollcoga.api.civicclerk.com/v1/Meetings/GetMeetingFileStream(fileId=3013,plainText=false)"
land-use,pickens,Pickens County,county,13227,,2026-09-14,Planning Commission,high,agenda-action,ocr,,rezon,rezoning,"… IANCE II. READING AND APPROVAL OF PREVIOUS MINUTES III. OLD BUSINESS IV. NEW BUSINESS A. REZONES: • RZ-191208 – Big South Real Estate Holdings, LLC 734 Harmony School …",https://www.pickenscountyga.gov/AgendaCenter/ViewFile/Agenda/_09142026-193
land-use,muscogee,Columbus-Muscogee County,consolidated,13215,West Georgia,2026-09-14,Zoning Committee,high,agenda-action,legistar,,rezon; variance,rezoning; variance,REZONINGS/AMENDMENTS,https://columbus.legistar.com/MeetingDetail.aspx?LEGID=6206&GID=139&G=4F637594-17B0-4E92-8196-37F14328D337
land-use,muscogee,Columbus-Muscogee County,consolidated,13215,West Georgia,2026-09-14,Columbus City Council,high,agenda-action,legistar,,annexation,annexation,"To accept the application (AN26-008) of Tracy L. Zwayer & Richard L. Zwayer, II, Trustee et al. for the annexation of certain territory containing 279.5± acres in Brown & Norwich Township. ($0.00) Ordinance",https://columbus.legistar.com/MeetingDetail.aspx?LEGID=6209&GID=139&G=4F637594-17B0-4E92-8196-37F14328D337
land-use,meriwether,Meriwether County,county,13199,,2026-09-14,Board of Commissioners,high,agenda-action,ocr,,rezon,rezoning,"… 4. Minutes, September 3, 2026, Special Called Meeting at 7:00 p.m. X. PUBLIC HEARING 1. Case #PC26-001 - Rezoning request submitted by Chisel Mill Design & Build, LLC for Parcel No. 027-029, consisting of 36.81 acres, from R …",https://www.meriwethercountyga.gov/AgendaCenter/ViewFile/Agenda/_09142026-657
land-use,lumpkin,Lumpkin County,county,13187,,2026-09-14,Planning Commission,high,agenda-action,ocr,,subdivision; variance,development; variance,"… 083-008 Character Area: Gateway Corridor Overlay Case 186 is a request for a Preliminary Plat of a Class VIII subdivision entitled Wright Industrial Park (7 lots). 3. Location: 40 PATRIOT VIEW DRIVE; DAHLONEGA, GA 30533 Applican …","https://lumpkincoga.api.civicclerk.com/v1/Meetings/GetMeetingFileStream(fileId=4276,plainText=false)"
land-use,carrollton,City of Carrollton,city,,West Georgia,2026-09-14,City Council,high,public-comment,ocr,,annexation; rezon,annexation; rezoning,,https://drive.google.com/file/d/1Rzzk0_kH1-aDS3yLl-2hVDMCDIw2uYAe/view
land-use,chatham,Chatham County,county,13051,Coastal Georgia,2026-09-11,Board of Commissioners,high,agenda-action,ocr,,warehouse,development,… ale data centers with an electrical capacity of 10 Megawatts or greater and prohibiting the conversion of warehouses and large industrial buildings to data centers use within unincorporated Chatham County. …,https://chathamcountyga.iqm2.com/Citizens/FileOpen.aspx?Type=14&ID=1748&Inline=True
land-use,henry,Henry County,county,13151,Atlanta Regional Commission,2026-09-10,Zoning Advisory Board,high,unknown,ocr,,conditional use; rezon; subdivision; variance,development; rezoning; special-land-use; variance,,"https://henrycoga.api.civicclerk.com/v1/Meetings/GetMeetingFileStream(fileId=2631,plainText=false)"
land-use,hall,Hall County,county,13139,Northeast Georgia,2026-09-10,Board of Commissioners,high,unknown,ocr,,rezon; subdivision; variance,development; rezoning; variance,,https://nyc3.digitaloceanspaces.com/hall-county-agenda-pub/media/pdfs/agenda-list-MG-330-vm-20260910145301026253.pdf
land-use,fayette,Fayette County,county,13113,Atlanta Regional Commission,2026-09-10,Board of Commissioners,high,agenda-action,ocr,,future land use; rezon; subdivision,comprehensive-plan; development; rezoning,… esidence and accessory structures met or exceeded the requirements of the A-R zoning district. Ms. Bell noted that the Future Land Use Map designated the area for low-density residential development with a minimum lot size of one acre. The map also iden …,https://www.fayettecountyga.gov/09-10-2026%20BOC%20Agenda.pdf
land-use,dekalb,DeKalb County,county,13089,Atlanta Regional Commission,2026-09-10,Committee of the Whole,high,agenda-action,legistar,,rezon,rezoning,Commission District(s): 2 and 6 Application of Mohammad Alawneh to rezone property from O-I (Office-Institution) zoning district to C-1 (Local Commercial) zoning district to allow salon suites …,https://dekalbcountyga.legistar.com/MeetingDetail.aspx?LEGID=4488&GID=570&G=38B42E79-166F-4337-AE30-3665ECD50E7A
land-use,cherokee,Cherokee County,county,13057,Atlanta Regional Commission,2026-09-10,Zoning Board of Appeals,high,agenda-action,granicus,,subdivision; variance,development; variance,… Table 5.4 Accessory Structure Standards to increase the maximum number of allowed accessory structures in an AG Platted Subdivision to 5 and a variance to Article 7 Section 24(b) to reduce the 75 ft setback for animal quarters. 2.4 Case #26-10-044V Ka …,https://cherokeega.granicus.com/AgendaViewer.php?view_id=1&clip_id=1611
land-use,cobb,Cobb County,county,13067,Atlanta Regional Commission,2026-09-09,Board of Zoning Appeals,high,unknown,ocr,,variance,variance,,"https://cobbcoga.api.civicclerk.com/v1/Meetings/GetMeetingFileStream(fileId=10203,plainText=false)"
land-use,paulding,Paulding County,county,13223,Atlanta Regional Commission,2026-09-08,Board of Commissioners,high,agenda-action,ocr,,rezon; variance,rezoning; variance,"… lication by JOEL L. LARKIN / SAMS, LARKIN & HUFF, LLP requesting to amend zoning condition #9 from prior rezoning application 2020-16-Z which limits the hours of operation on the property from 7:00 am to 7:00 pm. Th …",https://mccmeetings.blob.core.usgovcloudapi.net/pauldingga-pubu/MEET-Agenda-ce977a5ef5a9430eab33c2ceb54e17b1.pdf
land-use,lumpkin,Lumpkin County,county,13187,,2026-09-08,Land Use & Development Regulations Review Committee,high,unknown,ocr,,multi-family; subdivision,development,,"https://lumpkincoga.api.civicclerk.com/v1/Meetings/GetMeetingFileStream(fileId=4315,plainText=false)"
land-use,hall,Hall County,county,13139,Northeast Georgia,2026-09-08,Board of Commissioners,high,unknown,ocr,,rezon; subdivision; variance,development; rezoning; variance,,https://nyc3.digitaloceanspaces.com/hall-county-agenda-pub/media/pdfs/agenda-list-MG-330-ws-20260904194953472673.pdf
land-use,coweta,Coweta County,county,13077,,2026-09-08,Board of Commissioners,high,unknown,ocr,,subdivision,development,,"https://cowetacoga.api.civicclerk.com/v1/Meetings/GetMeetingFileStream(fileId=3633,plainText=false)"
land-use,cobb,Cobb County,county,13067,Atlanta Regional Commission,2026-09-08,Board of Commissioners,high,unknown,ocr,,annexation,annexation,,"https://cobbcoga.api.civicclerk.com/v1/Meetings/GetMeetingFileStream(fileId=10216,plainText=false)"
land-use,banks,Banks County,county,13011,,2026-09-08,Board of Commissioners,high,agenda-action,ocr,,comprehensive plan,comprehensive-plan,… Moratorium c. Public Utilities: Credit Check Application Policy/Ordinance 8. PREVIOUS BUSINESS ACTION: a. Comprehensive Plan Map Update 9. RESOLUTIONS AND ORDINANCES: a. Proclamation: Recovery Month b. Abandoned Mobile Home Act 10 …,https://mccmeetings.blob.core.usgovcloudapi.net/banksctyga-pubu/MEET-Agenda-877a1e52f5654c51ae9dc83c928fddff.pdf
land-use,walton,Walton County,county,13297,Broader Metropolitan Statistical Area,2026-09-03,Planning Commission,high,agenda-action,ocr,,rezon; subdivision,development; rezoning,… ral Residential and Agriculture to Suburban and Rezone 5.99 acres from A1 to R1 to create a 5-lot residential subdivision - Applicant/Owner: Mark Sanchez - property located on Locklin Road - Map/Parcel C1780012Z00 - Distr …,https://mccmeetings.blob.core.usgovcloudapi.net/waltonco-pubu/MEET-Agenda-d22ce9c5ef9b4bf3a4a26d1cf9df6f55.pdf
land-use,socialcircle,City of Social Circle,city,,Broader Metropolitan Statistical Area,2026-09-03,City Council,high,unknown,ocr,,rezon; subdivision; variance,development; rezoning; variance,,https://socialcirclecityga.iqm2.com/Citizens/FileOpen.aspx?Type=14&ID=2166&Inline=True
land-use,forsyth,Forsyth County,county,13117,Atlanta Regional Commission,2026-09-03,Board of Commissioners,high,unknown,ocr,,rezon; subdivision; variance; warehouse,development; rezoning; variance,,"https://forsythcoga.api.civicclerk.com/v1/Meetings/GetMeetingFileStream(fileId=5298,plainText=false)"
land-use,columbia,Columbia County,county,13073,Central Savannah River Area,2026-09-03,Planning Commission,high,unknown,ocr,,conditional use; rezon; variance,rezoning; special-land-use; variance,,"https://columbiacoga.api.civicclerk.com/v1/Meetings/GetMeetingFileStream(fileId=13784,plainText=false)"
land-use,clarke,Athens-Clarke County,consolidated,13059,Northeast Georgia,2026-09-03,Planning Commission,high,agenda-action,ocr,,future land use; rezon,comprehensive-plan; rezoning,"… PWE One LLC, CRE Capital-PWE Two LLC, IHI Pine Wood Estates Request: Rezone from AR to C-G and Future Land Use change from Neighborhood Center to Major Corridor Tax ID: 211 019E 3. 3650, 3653, 3700, 37 …",https://www.accgov.com/AgendaCenter/ViewFile/Agenda/_09032026-3039
land-use,carroll,Carroll County,county,13045,Broader Metropolitan Statistical Area,2026-09-03,Board of Appeals,high,unknown,ocr,,variance,variance,,"https://carrollcoga.api.civicclerk.com/v1/Meetings/GetMeetingFileStream(fileId=2997,plainText=false)"
land-use,fulton,Fulton County,county,13121,Atlanta Regional Commission,2026-09-02,Board of Commissioners,high,agenda-action,legistar,,multifamily; subdivision,development,"Request approval of a Water Vault Easement Dedication of 1,330 square feet to Fulton County, a political subdivision of the State of Georgia, from Brookside A Owner (GA), LLC, for the purpose of constructing the Brookside Village Phase …",https://fulton.legistar.com/MeetingDetail.aspx?LEGID=6394&GID=817&G=197058BF-F352-4423-BE44-04DFABBD8188
land-use,walton,Walton County,county,13297,Broader Metropolitan Statistical Area,2026-09-01,Board of Commissioners,high,agenda-action,ocr,,annexation; rezon; subdivision; variance; warehouse,annexation; development; rezoning; variance,"… mmissioners Regular Meeting 9/1/2026 12.1. Intergovernmental Contract - City of Monroe - Development Services/Annexation - Dycom Industries, Inc. 12.2. Georgia Power Easements - 550 Fairplay Drive, Parcel SC160007 and …",https://mccmeetings.blob.core.usgovcloudapi.net/waltonco-pubu/MEET-Agenda-a7cc0316a1f04a92abd7c379dc66ba55.pdf
land-use,newton,Newton County,county,13217,Broader Metropolitan Statistical Area,2026-09-01,Board of Commissioners,high,agenda-action,ocr,,annexation; conditional use; future land use; rezon,annexation; comprehensive-plan; rezoning; special-land-use,"… Presenter: James Brown Action item 19. Consideration of Highway 278 Annexation Request. Presenter: Kathy Morgan, Hwy. 278 Community Improvement District 7:30 P.M. ZONING AGEND …",https://www.newtoncountyga.gov/AgendaCenter/ViewFile/Agenda/_09012026-999
land-use,morgan,Morgan County,county,13211,,2026-09-01,Board of Commissioners,high,unknown,ocr,,comprehensive plan; conditional use; rezon; subdivision; variance,comprehensive-plan; development; rezoning; special-land-use; variance,,https://www.morgancountyga.gov/AgendaCenter/ViewFile/Agenda/_09012026-874
land-use,henry,Henry County,county,13151,Atlanta Regional Commission,2026-09-01,Board of Commissioners,high,agenda-action,ocr,,annexation,annexation,"… Planning and Zoning A. AX-26-02 Resubmittal The City of McDonough has resubmitted a request for annexation of properties at 820 and 964 Racetrack Road, consisting of 79.04 +/- acres in Land Lot 169 of the 7th …","https://henrycoga.api.civicclerk.com/v1/Meetings/GetMeetingFileStream(fileId=2634,plainText=false)"
land-use,douglas,Douglas County,county,13097,Atlanta Regional Commission,2026-09-01,Planning & Zoning,high,agenda-action,ocr,,rezon,rezoning,… ed by Lisa Bradshaw Small. Commission District #3. City of Douglasville - a request for a rezoning from R-A (residential agriculture) to PSP (public semi-public) for a safety driving course and …,"https://douglascountyga.api.civicclerk.com/v1/Meetings/GetMeetingFileStream(fileId=7504,plainText=false)"
land-use,dekalb,DeKalb County,county,13089,Atlanta Regional Commission,2026-09-01,Planning Commission,high,agenda-action,legistar,,land use permit; land use plan; rezon; slup; special land use; subdivision; townhome,comprehensive-plan; development; rezoning; special-land-use,… ation of Director of Planning & Sustainability for a text amendment to Chapter 5: Small Area Plans of the Comprehensive Land Use Plan. This application is intended to incorporate Embry Hills-Presidential Parkway & Surrounding Communities Placemaking Str …,https://dekalbcountyga.legistar.com/MeetingDetail.aspx?LEGID=4534&GID=570&G=38B42E79-166F-4337-AE30-3665ECD50E7A
land-use,covington,City of Covington,city,,Broader Metropolitan Statistical Area,2026-09-01,City Council,high,agenda-action,ocr,,annexation,annexation,"… opposed. ***** 6. Motion made by Council Member Henderson, seconded by Council Member Turner to approve an annexation request from 6263 Turner Lake Road consenting to be included in the Highway 278 Community Improvement District (CI …",https://cityofcovington.org/ckeditorfiles/files/2026_CityCouncil_0901_Minutes.pdf
land-use,columbia,Columbia County,county,13073,Central Savannah River Area,2026-09-01,Board of Commissioners,high,agenda-action,ocr,,conditional use; rezon; variance,rezoning; special-land-use; variance,"… Chairman Duncan a. Development and Planning Services Committee Commissioner Melear 1. (I1a1) RZ26-08-02, Rezoning from R-2 (Single Family Residential) to S-1 (Special), 250 Legion Drive, Tax Map 079 Parcel 122A, 2 …","https://columbiacoga.api.civicclerk.com/v1/Meetings/GetMeetingFileStream(fileId=13789,plainText=false)"
land-use,clarke,Athens-Clarke County,consolidated,13059,Northeast Georgia,2026-09-01,Mayor & Commission Meetings,high,unknown,ocr,,future land use; multifamily; rezon,comprehensive-plan; development; rezoning,,https://www.accgov.com/AgendaCenter/ViewFile/Agenda/_09012026-3071
land-use,cherokee,Cherokee County,county,13057,Atlanta Regional Commission,2026-09-01,Planning Commission,high,agenda-action,granicus,,rezon; variance; warehouse,development; rezoning; variance,… es from County R-80 (Single-Family Residential) to City LI (Light Industrial) within the City of Ball Ground for a flex warehouse. 2.3 Case #26-09-020 - Karen Lance for Tony Little (BOC Dist. 1). The applicant is requesting to rezone 5.91 +/- acres …,https://cherokeega.granicus.com/AgendaViewer.php?view_id=1&clip_id=1606
land-use,cherokee,Cherokee County,county,13057,Atlanta Regional Commission,2026-09-01,Board of Commissioners,high,agenda-action,granicus,,annexation; rezon; subdivision; variance,annexation; development; rezoning; variance,… Article 12 to reduce the number of required parking spaces for a restaurant use to 30 spaces. 10.3 City of Ball Ground Annexation - 125 Roy Haynes Drive. Consider annexation request from the City of Ball Ground for a 1.0-acre parcel located at 125 R …,https://cherokeega.granicus.com/AgendaViewer.php?view_id=1&clip_id=1604
land-use,bibb,Macon-Bibb County,consolidated,13021,Middle Georgia,2026-09-01,Board of Commissioners,high,unknown,ocr,,variance,variance,,"https://maconbibbcoga.api.civicclerk.com/v1/Meetings/GetMeetingFileStream(fileId=3691,plainText=false)"
land-use,bibb,Macon-Bibb County,consolidated,13021,Middle Georgia,2026-09-01,Board of Commissioners,high,unknown,ocr,,variance,variance,,"https://maconbibbcoga.api.civicclerk.com/v1/Meetings/GetMeetingFileStream(fileId=3685,plainText=false)"
land-use,banks,Banks County,county,13011,,2026-09-01,Planning Commission,high,agenda-action,ocr,,multi-family,development,… AL OF PLATS a. Purcell Plat - Class II & minor 5. PUBLIC HEARING: CODE REVIEW a. Landfills b. R2 Multi-Family Housing 6. ROUNDTABLE DISCUSSION 7. ADJOURNMENT The Planning Commission reserves the right to continue the meeting …,https://mccmeetings.blob.core.usgovcloudapi.net/banksctyga-pubu/MEET-Agenda-ad86dac8e7284f51bde2eaa85c7bade5.pdf
land-use,muscogee,Columbus-Muscogee County,consolidated,13215,West Georgia,2026-08-31,Zoning Committee,high,agenda-action,legistar,,apartment; rezon; variance,development; rezoning; variance,"… ocated at the northwest corner of North Cassidy Avenue and East 6th Street, From: M-2, Manufacturing District and AR-1, Apartment Residential District, To: L-M, Limited Manufacturing District (Rezoning #Z20-034). , and to declare an emergency. Ordin …",https://columbus.legistar.com/MeetingDetail.aspx?LEGID=6204&GID=139&G=4F637594-17B0-4E92-8196-37F14328D337
land-use,muscogee,Columbus-Muscogee County,consolidated,13215,West Georgia,2026-08-31,Columbus City Council,high,agenda-action,legistar,,annexation,annexation,To set forth a statement of municipal services and zoning conditions to be provided to the area contained in a proposed annexation (AN26-001) of 4.23± Acres in Prairie Township to the city of Columbus as required by the Ohio Revised Code and to decla …,https://columbus.legistar.com/MeetingDetail.aspx?LEGID=6205&GID=139&G=4F637594-17B0-4E92-8196-37F14328D337
land-use,lumpkin,Lumpkin County,county,13187,,2026-08-31,Land Use & Development Regulations Review Committee,high,unknown,ocr,,multifamily,development,,"https://lumpkincoga.api.civicclerk.com/v1/Meetings/GetMeetingFileStream(fileId=4274,plainText=false)"
land-use,spalding,Spalding County,county,13255,,2026-08-27,Board of Commissioners,high,agenda-action,ocr,,rezon; subdivision,development; rezoning,… f the proposed minor final plat approval for 600 North Walkers Mill Road. This request seeks approval for a subdivision consisting of 13 lots that complies with the minimum requirements of two (2) acres per lot and at least 100 …,https://spaldingcounty.granicus.com/AgendaViewer.php?view_id=1&event_id=961
land-use,newton,Newton County,county,13217,Broader Metropolitan Statistical Area,2026-08-27,Board of Zoning Appeals,high,agenda-action,ocr,,variance,variance,"… Approved (5-0) Acreage: 2.29 ac Request: Variance to build a garage in the front yard. CC: Marcello Banes, Chair; James A. Brown, Interim County Manager; Susan Nolley …",https://www.newtoncountyga.gov/AgendaCenter/ViewFile/Agenda/_08272026-998
land-use,newton,Newton County,county,13217,Broader Metropolitan Statistical Area,2026-08-27,Board of Zoning Appeals,high,unknown,ocr,,variance,variance,,https://www.newtoncountyga.gov/AgendaCenter/ViewFile/Agenda/_08272026-995
land-use,hall,Hall County,county,13139,Northeast Georgia,2026-08-27,Board of Commissioners,high,agenda-action,ocr,,comprehensive plan; rezon; subdivision; variance,comprehensive-plan; development; rezoning; variance,… dix I: Plan Review and Inspection Fee Schedule. 36 Public hearing to amend the Hall County Forward 2045 Comprehensive Plan. Public Hearing to amend Hall County's Zoning Map as follows: 37 6250 & 6255 Old Dawsonville Road | Special Use …,https://nyc3.digitaloceanspaces.com/hall-county-agenda-pub/media/pdfs/agenda-list-MG-329-vm-20260827200611174072.pdf
land-use,fayette,Fayette County,county,13113,Atlanta Regional Commission,2026-08-27,Board of Commissioners,high,agenda-action,ocr,,comprehensive plan; conditional use; future land use; land use plan; rezon; subdivision; variance,comprehensive-plan; development; rezoning; special-land-use; variance,"… a single family residence. The house and accessory structures meet or exceed the requirements of the A-R district. The Future Land Use Map designates this area as Low Density Residential, which has a 1-acre minimum parcel size. The request to rezone to …",https://www.fayettecountyga.gov/08-27-2026%20BOC%20Agenda.pdf
land-use,socialcircle,City of Social Circle,city,,Broader Metropolitan Statistical Area,2026-08-25,Planning Commission,high,unknown,ocr,,comprehensive plan; future land use; mixed use; rezon; subdivision; variance,comprehensive-plan; development; rezoning; variance,,https://socialcirclecityga.iqm2.com/Citizens/FileOpen.aspx?Type=14&ID=2153&Inline=True
land-use,newton,Newton County,county,13217,Broader Metropolitan Statistical Area,2026-08-25,Planning Commission,high,unknown,ocr,,conditional use; future land use; rezon,comprehensive-plan; rezoning; special-land-use,,https://www.newtoncountyga.gov/AgendaCenter/ViewFile/Agenda/_08252026-997
land-use,newton,Newton County,county,13217,Broader Metropolitan Statistical Area,2026-08-25,Planning Commission,high,unknown,ocr,,conditional use; future land use; rezon,comprehensive-plan; rezoning; special-land-use,,https://www.newtoncountyga.gov/AgendaCenter/ViewFile/Agenda/_08252026-996
land-use,meriwether,Meriwether County,county,13199,,2026-08-25,Board of Commissioners,high,agenda-action,ocr,,rezon,rezoning,"… t Public Hearing for Case# PC-26-012 for Tuesday, September 29, 2026, at 6:00 P.M., Complete Truck Bodies, Inc to rezone 19.37 acres from Agricultural (A1) to Industrial (I) for the purpose of a manufacturing plant expansion. 8. S …",https://www.meriwethercountyga.gov/AgendaCenter/ViewFile/Agenda/_08252026-654
land-use,gwinnett,Gwinnett County,county,13135,Atlanta Regional Commission,2026-08-25,Board of Commissioners,high,unknown,ocr,,rezon; variance,rezoning; variance,,https://www.gwinnettcounty.com/static/upload/bac/52/20260825/a_86782_2026.08.25___AMENDED_Public_Hearing_Agenda.pdf
land-use,forsyth,Forsyth County,county,13117,Atlanta Regional Commission,2026-08-25,Board of Commissioners,high,unknown,ocr,,warehouse,development,,"https://forsythcoga.api.civicclerk.com/v1/Meetings/GetMeetingFileStream(fileId=5290,plainText=false)"
land-use,dekalb,DeKalb County,county,13089,Atlanta Regional Commission,2026-08-25,Board of Commissioners,high,agenda-action,legistar,,land use permit; slup; special land use,special-land-use,"Commission District(s): 4 and 7 Application of Rooted in Christ Academy, LLC c/o Chiquita Stokes for a Special Land Use Permit (SLUP) for a child daycare facility for up to six children in the R-100 (Residential Medium Lot-100) zoning dist …",https://dekalbcountyga.legistar.com/MeetingDetail.aspx?LEGID=4487&GID=570&G=38B42E79-166F-4337-AE30-3665ECD50E7A
land-use,coweta,Coweta County,county,13077,,2026-08-25,Board of Commissioners,high,agenda-action,ocr,,comprehensive plan; conditional use; rezon; variance,comprehensive-plan; rezoning; special-land-use; variance,"… n of Arbor Springs Circle - District 3 13. Request to Set a Public Hearing on September 22, 2026 Regarding the Draft Comprehensive Plan Update Unfinished Business 14. Decision Regarding the Proposed Fiscal Year 2027 Budget 15. Request Appr …","https://cowetacoga.api.civicclerk.com/v1/Meetings/GetMeetingFileStream(fileId=3605,plainText=false)"
land-use,cobb,Cobb County,county,13067,Atlanta Regional Commission,2026-08-25,Board of Commissioners,high,unknown,ocr,,annexation; warehouse,annexation; development,,"https://cobbcoga.api.civicclerk.com/v1/Meetings/GetMeetingFileStream(fileId=10169,plainText=false)"
land-use,baldwin,Baldwin County,county,13009,,2026-08-25,Board of Commissioners,high,agenda-action,ocr,,variance,variance,"… to implementing a moratorium on the acceptance of applications and the issuance of land disturbance permits, variances, letters of zoning or land use compliance, or other permits of any kind related to uses or activities assoc …",https://mccmeetings.blob.core.usgovcloudapi.net/baldwincga-pubu/MEET-Agenda-9731ac0c92de41f1a28787a76e17a21e.pdf
land-use,muscogee,Columbus-Muscogee County,consolidated,13215,West Georgia,2026-08-24,Zoning Committee,high,agenda-action,legistar,,rezon; variance,rezoning; variance,REZONINGS/AMENDMENTS,https://columbus.legistar.com/MeetingDetail.aspx?LEGID=6200&GID=139&G=4F637594-17B0-4E92-8196-37F14328D337
land-use,muscogee,Columbus-Muscogee County,consolidated,13215,West Georgia,2026-08-24,Columbus City Council,high,agenda-action,legistar,,annexation; apartment; rezon; variance,annexation; development; rezoning; variance,To accept the application (AN26-002) of Charritos Properties LLC for the annexation of certain territory containing 1.681± acres in Jackson Township. ($0.00) Ordinance,https://columbus.legistar.com/MeetingDetail.aspx?LEGID=6203&GID=139&G=4F637594-17B0-4E92-8196-37F14328D337
land-use,lumpkin,Lumpkin County,county,13187,,2026-08-24,Land Use & Development Regulations Review Committee,high,unknown,ocr,,multifamily,development,,"https://lumpkincoga.api.civicclerk.com/v1/Meetings/GetMeetingFileStream(fileId=4244,plainText=false)"
land-use,hall,Hall County,county,13139,Northeast Georgia,2026-08-24,Board of Commissioners,high,agenda-action,ocr,,comprehensive plan; rezon; subdivision; variance,comprehensive-plan; development; rezoning; variance,… ill be paid in full by Jackson County. Planning & Zoning 20 Public hearing to amend the Hall County Forward 2045 Comprehensive Plan. 21 Public hearing to amend the Code of Ordinances of Hall County with regard to Appendix A: Unified De …,https://nyc3.digitaloceanspaces.com/hall-county-agenda-pub/media/pdfs/agenda-list-MG-329-ws-20260821194034801533.pdf
land-use,forsyth,Forsyth County,county,13117,Atlanta Regional Commission,2026-08-20,Board of Commissioners,high,unknown,ocr,,rezon; variance; warehouse,development; rezoning; variance,,"https://forsythcoga.api.civicclerk.com/v1/Meetings/GetMeetingFileStream(fileId=5276,plainText=false)"
land-use,coweta,Coweta County,county,13077,,2026-08-20,Board of Zoning Appeals,high,agenda-action,ocr,,variance,variance,"… val of the Minutes from the Public Hearing held on July 23, 2026 Petitions 2. Public Hearing Regarding Petition # VARIANCE 26-21 Filed by Gary Adams Requesting a Distance Between Buildings Variance for Property Located at 253 Timber C …","https://cowetacoga.api.civicclerk.com/v1/Meetings/GetMeetingFileStream(fileId=3595,plainText=false)"
land-use,columbia,Columbia County,county,13073,Central Savannah River Area,2026-08-20,Planning Commission,high,unknown,ocr,,conditional use; rezon; variance,rezoning; special-land-use; variance,,"https://columbiacoga.api.civicclerk.com/v1/Meetings/GetMeetingFileStream(fileId=13750,plainText=false)"
land-use,carrollton,City of Carrollton,city,,West Georgia,2026-08-20,City Council,high,unknown,ocr,,annexation; rezon,annexation; rezoning,,https://drive.google.com/file/d/14UwJtS_SxjbTcNBCy79eUE2jaeP8fx5R/view
land-use,barrow,Barrow County,county,13013,Broader Metropolitan Statistical Area,2026-08-20,Planning Commission,high,agenda-action,granicus,,mixed-use; rezon; subdivision; variance,development; rezoning; variance,… dge Rd ; PEC Plus / Applicant; Shoreland Ventures 2 LLC / Owner; Special Use request to UDC Sec. 89-1511 to allow for a Mixed-Use Village within the Destination 211 Overlay. Request to rezone ±345.04 acres from AG (Agriculture) to R-3 (High Density …,https://barrowga.granicus.com/AgendaViewer.php?view_id=1&clip_id=1151
land-use,fulton,Fulton County,county,13121,Atlanta Regional Commission,2026-08-19,Board of Commissioners,high,agenda-action,legistar,,apartment; subdivision; warehouse,development,"… ntenance, and Land Use Agreement for Private Improvement (Indemnification Agreement) between Fulton County, a political subdivision of the State of Georgia, and Blakely Manor Development LLC, for the purpose of granting conditional approval to allow s …",https://fulton.legistar.com/MeetingDetail.aspx?LEGID=6392&GID=817&G=197058BF-F352-4423-BE44-04DFABBD8188
land-use,clarke,Athens-Clarke County,consolidated,13059,Northeast Georgia,2026-08-19,Historic Preservation Commission,high,unknown,ocr,,mixed-use,development,,https://www.accgov.com/AgendaCenter/ViewFile/Agenda/_08192026-3021
land-use,walton,Walton County,county,13297,Broader Metropolitan Statistical Area,2026-08-18,Board of Appeals,high,agenda-action,ocr,,variance,variance,… 2. APPROVAL OF MINUTES 2.1. Additions/Deletions 3. OLD BUSINESS 4. NEW BUSINESS 4.1. V26-0191 - Variance to allow an accessory building in the front yard on less than 5 acres - Applicant: Terry McCullers/Owners …,https://mccmeetings.blob.core.usgovcloudapi.net/waltonco-pubu/MEET-Agenda-882997fb5ca446f7b704007cdb30d450.pdf
land-use,newton,Newton County,county,13217,Broader Metropolitan Statistical Area,2026-08-18,Board of Commissioners,high,agenda-action,ocr,,rezon,rezoning,… tch required. Presenter: James Brown 7:30 P.M. ZONING AGENDA AND PUBLIC HEARING OLD BUSINESS 1. REZ26-000004 (Rezoning) Applicant: Haley Todd Location: Highway 81 Map & Parcel Number: 0016-030 FLUM: COM (Commercial) ZONING …,https://www.newtoncountyga.gov/AgendaCenter/ViewFile/Agenda/_08182026-994
land-use,morgan,Morgan County,county,13211,,2026-08-18,Board of Commissioners,high,unknown,ocr,,comprehensive plan; conditional use; rezon; subdivision; variance,comprehensive-plan; development; rezoning; special-land-use; variance,,https://www.morgancountyga.gov/AgendaCenter/ViewFile/Agenda/_08182026-870
land-use,douglas,Douglas County,county,13097,Atlanta Regional Commission,2026-08-18,Board of Commissioners,high,agenda-action,ocr,,annexation,annexation,"… pending final legal review. Commission Meeting 2 August 18, 2026 9. Decision on whether to raise an objection for annexation of 1.52 acres from unincorporated Douglas County to the City of Douglasville at the south-west corner of Lee …","https://douglascountyga.api.civicclerk.com/v1/Meetings/GetMeetingFileStream(fileId=7495,plainText=false)"
land-use,dekalb,DeKalb County,county,13089,Atlanta Regional Commission,2026-08-18,Committee of the Whole,high,agenda-action,legistar,,land use permit; slup; special land use,special-land-use,"Commission District(s): 4 and 7 Application of Rooted in Christ Academy, LLC c/o Chiquita Stokes for a Special Land Use Permit (SLUP) for a child daycare facility for up to six children in the R-100 (Residential Medium Lot-100) zoning dist …",https://dekalbcountyga.legistar.com/MeetingDetail.aspx?LEGID=4485&GID=570&G=38B42E79-166F-4337-AE30-3665ECD50E7A
land-use,dawson,Dawson County,county,13085,,2026-08-18,Planning Commission,high,agenda-action,ocr,,variance,variance,… cted official is required to complete a Disclosure of Campaign Contribution Form. J. NEW BUSINESS: Application for Variance: 1. VA 26-38: Robert Mendez has submitted an application requesting a variance from the Dawson County Lan …,https://mccmeetings.blob.core.usgovcloudapi.net/daga-pubu/MEET-Agenda-00156f3ee5ac486798b6afe938615fd4.pdf
land-use,columbia,Columbia County,county,13073,Central Savannah River Area,2026-08-18,Board of Commissioners,high,agenda-action,ocr,,conditional use; rezon; variance,rezoning; special-land-use; variance,"… 72 Parcel 073Q, 0.84 +/- acres, and currently zoned C-2 (General Commercial). 6. (I1b6) RZ26-08-02, Rezoning from R-2 (Single Family Residential) to S-1 (Special), 250 Legion Drive, Tax Map 079 Parcel 122A, 2 …","https://columbiacoga.api.civicclerk.com/v1/Meetings/GetMeetingFileStream(fileId=13761,plainText=false)"
land-use,cobb,Cobb County,county,13067,Atlanta Regional Commission,2026-08-18,Board of Commissioners,high,agenda-action,ocr,,slup,special-land-use,… t 1 - 3917 Dallas Acworth Highway (BOC Only) 14. LUP-14-2026 District 4 - 195 Rockin Hill Drive 15. SLUP-3-2026 District 2 - 1284 Kennestone Circle AGENDA …,"https://cobbcoga.api.civicclerk.com/v1/Meetings/GetMeetingFileStream(fileId=10154,plainText=false)"
land-use,clayton,Clayton County,county,13063,Atlanta Regional Commission,2026-08-18,Board of Commissioners,high,agenda-action,ocr,,comprehensive plan; conditional use; future land use; mixed use; mixed-use; multi-family; rezon; subdivision; townhome; variance,comprehensive-plan; development; rezoning; special-land-use; variance,"… the next term. The new term will expire on December 31, 2028. 43. Public Hearing - BOC-2403-0403 - Amend the Future Land Use Map Category for 7327 Cullen Dr Extension, Jonesboro GA 30236 (Commission District 4 - DeMont Davis) …",https://claytoncountyga.primegov.com/Public/CompiledDocument?meetingTemplateId=5399&compileOutputType=1
land-use,clarke,Athens-Clarke County,consolidated,13059,Northeast Georgia,2026-08-18,Mayor & Commission Meetings,high,unknown,ocr,,future land use; multifamily; rezon,comprehensive-plan; development; rezoning,,https://www.accgov.com/AgendaCenter/ViewFile/Agenda/_08182026-3038
land-use,cherokee,Cherokee County,county,13057,Atlanta Regional Commission,2026-08-18,Board of Commissioners,high,agenda-action,granicus,,annexation; apartment; multi-family; rezon; subdivision; townhome; variance; warehouse,annexation; development; rezoning; variance,… rovisions regarding mailboxes in the right-of-way. 9. PUBLIC COMMENT 10. PLANNING AND ZONING 10.1 City of Holly Springs Annexation - Holly Springs Parkway and Misty Hollow Way. Consider the annexation request from the City of Holly Springs for 6.08+/ …,https://cherokeega.granicus.com/AgendaViewer.php?view_id=1&clip_id=1600
land-use,pickens,Pickens County,county,13227,,2026-08-17,Board of Commissioners,high,unknown,ocr,,rezon,rezoning,,https://www.pickenscountyga.gov/AgendaCenter/ViewFile/Agenda/_08172026-192
land-use,henry,Henry County,county,13151,Atlanta Regional Commission,2026-08-17,Board of Commissioners,high,agenda-action,ocr,,annexation; rezon,annexation; rezoning,"… Resolution 26-329 B. (Not a Public Hearing: AX-26-03) The City of Hampton has received a request for annexation of property at 65 Minter Drive, consisting of 3.897 +/- acres in Land Lots 84 of the 3rd District. District …","https://henrycoga.api.civicclerk.com/v1/Meetings/GetMeetingFileStream(fileId=2619,plainText=false)"
land-use,douglas,Douglas County,county,13097,Atlanta Regional Commission,2026-08-17,Board of Commissioners,high,public-comment,ocr,,annexation,annexation,,"https://douglascountyga.api.civicclerk.com/v1/Meetings/GetMeetingFileStream(fileId=7477,plainText=false)"
land-use,chatham,Chatham County,county,13051,Coastal Georgia,2026-08-14,Board of Commissioners,high,agenda-action,ocr,,rezon,rezoning,"… 10 12. SECOND READINGS 1. The Petitioner, Richard Peterson, is proposing to rezone 8804 Whitefield Ave from Residential One Family Residential Environmental Overlay to Business …",https://chathamcountyga.iqm2.com/Citizens/FileOpen.aspx?Type=14&ID=1745&Inline=True
land-use,hall,Hall County,county,13139,Northeast Georgia,2026-08-13,Board of Commissioners,high,unknown,ocr,,annexation; comprehensive plan; rezon; subdivision; variance,annexation; comprehensive-plan; development; rezoning; variance,,https://nyc3.digitaloceanspaces.com/hall-county-agenda-pub/media/pdfs/agenda-list-MG-328-vm-20260812192908006643.pdf
land-use,fayette,Fayette County,county,13113,Atlanta Regional Commission,2026-08-13,Board of Commissioners,high,agenda-action,ocr,,comprehensive plan,comprehensive-plan,"… R. Contract 2532-P, Renewal 1: Security Camera System Maintenance (pages 218-220) OTHER S. Contract 27009-S: Comprehensive Plan Five-Year Update (pages 221-224) T. Contract 2531-P, Renewal 1: Business Personal Property Compliance Audits (page …",https://www.fayettecountyga.gov/08-13-2026%20BOC%20Agenda.pdf
land-use,dekalb,DeKalb County,county,13089,Atlanta Regional Commission,2026-08-13,Board of Commissioners - Zoning Meeting,high,agenda-action,legistar,,apartment; land use permit; land use plan; mixed-use; rezon; slup; special land use; townhome,comprehensive-plan; development; rezoning; special-land-use,"COMMISSION DISTRICT(S): 3 and 6 Application of the Director of Planning & Sustainability to amend the land use plan from Light Industrial (LIND) character area to Suburban (SUB) character area, at 1670 Henrico Road. Ordinance",https://dekalbcountyga.legistar.com/MeetingDetail.aspx?LEGID=4539&GID=570&G=38B42E79-166F-4337-AE30-3665ECD50E7A
land-use,cherokee,Cherokee County,county,13057,Atlanta Regional Commission,2026-08-13,Zoning Board of Appeals,high,agenda-action,granicus,,variance,variance,"… s 2. ZONING CASES 2.1 Case #26-07-032V Michelle McCauley for Motley 7 Brew, LLC (BOC Dist. 4) Applicant is requesting a variance from Article 7, Section 7.5-3.3e. to eliminate the requirement to provide a 6-foot landscape strip adjacent to Outparce …",https://cherokeega.granicus.com/AgendaViewer.php?view_id=1&clip_id=1597
land-use,barrow,Barrow County,county,13013,Broader Metropolitan Statistical Area,2026-08-13,Board of Appeals,high,agenda-action,granicus,,variance,variance,… a) VAR2026- 00 10 5 (XX096 047) 607 Smith Cemetery Rd ; Native Development Group / Applicant; Sentry Drive LLC / Owner; Variance request to 89-1605 ; public connectivity; to remove the required sidewalk from the primary structure to the street fron …,https://barrowga.granicus.com/AgendaViewer.php?view_id=1&clip_id=1150
land-use,cobb,Cobb County,county,13067,Atlanta Regional Commission,2026-08-12,Board of Zoning Appeals,high,unknown,ocr,,variance,variance,,"https://cobbcoga.api.civicclerk.com/v1/Meetings/GetMeetingFileStream(fileId=10099,plainText=false)"
land-use,paulding,Paulding County,county,13223,Atlanta Regional Commission,2026-08-11,Board of Commissioners,high,agenda-action,ocr,,subdivision,development,"… Authorize the Chairman to enter into a Development Agreement with Harmony Pasture, LLC, for the Harmony Ridge Subdivision, requiring the completion of a left turn lane at the intersection of Mulberry Rock Road and Holt Road prior t …",https://mccmeetings.blob.core.usgovcloudapi.net/pauldingga-pubu/MEET-Agenda-c83f3a2f035a4feda43980d8f6d2b7e5.pdf
land-use,paulding,Paulding County,county,13223,Atlanta Regional Commission,2026-08-11,Board of Commissioners,high,agenda-action,ocr,,rezon; subdivision,development; rezoning,"… Authorize the Chairman to enter into a Development Agreement with Harmony Pasture, LLC, for the Harmony Ridge Subdivision, requiring the completion of a left turn lane at the intersection of Mulberry Rock Road and Holt Road prior t …",https://mccmeetings.blob.core.usgovcloudapi.net/pauldingga-pubu/MEET-Agenda-140b84c276c443a1870d10104604b0d7.pdf
land-use,forsyth,Forsyth County,county,13117,Atlanta Regional Commission,2026-08-11,Board of Commissioners,high,unknown,ocr,,rezon,rezoning,,"https://forsythcoga.api.civicclerk.com/v1/Meetings/GetMeetingFileStream(fileId=5258,plainText=false)"
land-use,coweta,Coweta County,county,13077,,2026-08-11,Board of Commissioners,high,unknown,ocr,,subdivision,development,,"https://cowetacoga.api.civicclerk.com/v1/Meetings/GetMeetingFileStream(fileId=3612,plainText=false)"
land-use,cobb,Cobb County,county,13067,Atlanta Regional Commission,2026-08-11,Board of Commissioners,high,agenda-action,ocr,,rezon,rezoning,… as Color Me Mine Marietta. 27. To adopt a resolution extending a temporary moratorium on rezoning applications and permits for new data centers in unincorporated Cobb County. Internal Audit …,"https://cobbcoga.api.civicclerk.com/v1/Meetings/GetMeetingFileStream(fileId=10156,plainText=false)"
land-use,banks,Banks County,county,13011,,2026-08-11,Board of Commissioners,high,agenda-action,ocr,,conditional use; rezon,rezoning; special-land-use,"… n. b. Planning Commission: Z-26-06 An application has been filed by Ryals Brothers Properties, LLC to Rezone a 10-acre portion of the property identified as B02 011, a 280.73-acre parcel located on W County Line Rd. …",https://mccmeetings.blob.core.usgovcloudapi.net/banksctyga-pubu/MEET-Agenda-e2c5e72b9ff2461f89ad7cc0b40cd927.pdf
land-use,pickens,Pickens County,county,13227,,2026-08-10,Planning Commission,high,agenda-action,ocr,,rezon,rezoning,"… IANCE II. READING AND APPROVAL OF PREVIOUS MINUTES III. OLD BUSINESS: IV. NEW BUSINESS: A. Rezones: RZ – 191190 Curtis Roper 580 Eagle Perch Rd, Ball Ground …",https://www.pickenscountyga.gov/AgendaCenter/ViewFile/Agenda/_08102026-191
land-use,lumpkin,Lumpkin County,county,13187,,2026-08-10,Planning Commission,high,agenda-action,ocr,,subdivision; variance,development; variance,"… wth Case 177 is requesting a variance to Section 26-70 (b) to allow a manufactured home/ mobile home within a subdivision. 8. Location: Eden Grove Class II Subdivision (1049 Ben Higgens Road, Dahlonega, GA 30533) Applicant: Jace …","https://lumpkincoga.api.civicclerk.com/v1/Meetings/GetMeetingFileStream(fileId=4199,plainText=false)"
land-use,hall,Hall County,county,13139,Northeast Georgia,2026-08-10,Board of Commissioners,high,agenda-action,ocr,,comprehensive plan; rezon; subdivision; variance,comprehensive-plan; development; rezoning; variance,… award documents. No match is required. Planning & Zoning 11 Public Hearing to amend the Hall County Forward 2045 Comprehensive Plan. 12 Public Hearing to amend the Code of Ordinances of Hall County with regard to Appendix A: Unified Devel …,https://nyc3.digitaloceanspaces.com/hall-county-agenda-pub/media/pdfs/agenda-list-MG-328-ws-20260810131407101846.pdf
land-use,walton,Walton County,county,13297,Broader Metropolitan Statistical Area,2026-08-06,Planning Commission,high,agenda-action,ocr,,rezon; subdivision; variance; warehouse,development; rezoning; variance,… ral Residential and Agriculture to Suburban and Rezone 5.99 acres from A1 to R1 to create a 5-lot residential subdivision – Applicant/Owner: Mark Sanchez – property located on Locklin Road – Map/Parcel C1780012Z00 - Distr …,https://mccmeetings.blob.core.usgovcloudapi.net/waltonco-pubu/MEET-Agenda-d3bb4fbf93894d689bb2a7546829d9e1.pdf
land-use,morgan,Morgan County,county,13211,,2026-08-06,Planning Commission,high,agenda-action,ocr,,conditional use,special-land-use,… ties. IV. Morgan County Planning and Development is requesting a text amendment to Table 4.1 Permitted and Conditional Uses of the Morgan County Zoning Ordinance. ADJOURNMENT I. The chairman will adjourn the meeting.,https://www.morgancountyga.gov/AgendaCenter/ViewFile/Agenda/_08062026-868
land-use,forsyth,Forsyth County,county,13117,Atlanta Regional Commission,2026-08-06,Board of Commissioners,high,unknown,ocr,,comprehensive plan; rezon; subdivision; variance,comprehensive-plan; development; rezoning; variance,,"https://forsythcoga.api.civicclerk.com/v1/Meetings/GetMeetingFileStream(fileId=5247,plainText=false)"
land-use,columbia,Columbia County,county,13073,Central Savannah River Area,2026-08-06,Planning Commission,high,unknown,ocr,,conditional use; rezon; variance,rezoning; special-land-use; variance,,"https://columbiacoga.api.civicclerk.com/v1/Meetings/GetMeetingFileStream(fileId=13728,plainText=false)"
land-use,fulton,Fulton County,county,13121,Atlanta Regional Commission,2026-08-05,Board of Commissioners,high,agenda-action,legistar,,subdivision,development,"Request approval of a Water Vault Easement Dedication of 73 square feet to Fulton County, a political subdivision of the State of Georgia, from Mayfield Canton Development Group, LLC, for the purpose of constructing the Canton on May …",https://fulton.legistar.com/MeetingDetail.aspx?LEGID=6391&GID=817&G=197058BF-F352-4423-BE44-04DFABBD8188
land-use,bartow,Bartow County,county,13015,Broader Metropolitan Statistical Area,2026-08-05,Board of Commissioners,high,unknown,ocr,,annexation,annexation,,https://www.bartowcountyga.gov/CommissionerOffice/AGENDA.PUBLIC_MEETING_8-5-2026.pdf
land-use,walton,Walton County,county,13297,Broader Metropolitan Statistical Area,2026-08-04,Board of Commissioners,high,agenda-action,ocr,,rezon; subdivision; warehouse,development; rezoning,"… 7.3. Z26-0156 - Rezone 7.486 acres from A2 to B2 for a convenience store with fuel pumps and office warehouse/contractor storage buildings - Applicant/Owner: 81 Investment Company, LLC - property located at 5187 Hig …",https://mccmeetings.blob.core.usgovcloudapi.net/waltonco-pubu/MEET-Agenda-06a373545b924ab598e8e78259dfb704.pdf
land-use,newton,Newton County,county,13217,Broader Metropolitan Statistical Area,2026-08-04,Board of Commissioners,high,agenda-action,ocr,,comprehensive plan; rezon,comprehensive-plan; rezoning,"… 2 Overlay. On July 28, 2026 the Planning Commission recommended denial of the Rezoning (5-0). 2. AMENDMENT OF THE COMPREHENSIVE PLAN - PUBLIC HEARING The purpose of the public hearing is to brief the community on the process and intent for amending t …",https://www.newtoncountyga.gov/AgendaCenter/ViewFile/Agenda/_08042026-990
land-use,morgan,Morgan County,county,13211,,2026-08-04,Board of Commissioners,high,agenda-action,ocr,,conditional use; mixed use; rezon; variance; warehouse,development; rezoning; special-land-use; variance,… tie. Motion passed 3-2. REQUEST TO CONSIDER EXTENSION OF MORATORIUM RELATED TO PLANNED UNIT DEVELOPMENTS OR COMMUNITY MIXED USE ZONING DISTRICTS. Agenda Item 3 was identified as a duplicate of Agenda Item 4 and was therefore not considered separa …,https://www.morgancountyga.gov/AgendaCenter/ViewFile/Agenda/_08042026-869
land-use,henry,Henry County,county,13151,Atlanta Regional Commission,2026-08-04,Board of Commissioners,high,agenda-action,ocr,,subdivision,development,"… A. Resolution authorizing the installation of speed humps within the Summit at Scarborough Subdivision. The estimated cost of the project is $80,000; with funding available within the Department of Tran …","https://henrycoga.api.civicclerk.com/v1/Meetings/GetMeetingFileStream(fileId=2608,plainText=false)"
land-use,douglas,Douglas County,county,13097,Atlanta Regional Commission,2026-08-04,Planning & Zoning,high,agenda-action,ocr,,rezon,rezoning,"… he minutes from the July 7, 2026 Zoning Meeting. AGENDA Terry Boomer/GA 5 Land Holdings, LLC - a request for a rezoning Z2026- from C-G(general commercial) to C-H(heavy commercial) and a 47/S2026-48 Special Use Permit to allow …","https://douglascountyga.api.civicclerk.com/v1/Meetings/GetMeetingFileStream(fileId=7445,plainText=false)"
land-use,columbia,Columbia County,county,13073,Central Savannah River Area,2026-08-04,Board of Commissioners,high,agenda-action,ocr,,apartment; variance,development; variance,"… 228 Applecross Drive, Tax Map 083 Parcel 046, 0.7 +/- acres, and currently zoned A-R (Apartment Residential) and Easement Encroachment Agreement. 2. Items Added at the Meeting J. LEGAL MATTERS …","https://columbiacoga.api.civicclerk.com/v1/Meetings/GetMeetingFileStream(fileId=13734,plainText=false)"
land-use,cobb,Cobb County,county,13067,Atlanta Regional Commission,2026-08-04,Planning Commission,high,agenda-action,ocr,,land use permit; slup,special-land-use,"… until the September 1, 2026, Planning Commission hearing) District Case Withdrawn case 1 SLUP-6-2026 WOLLISTON ENTERPRISES, LLC (Previously held by the Planning Commission from the May 5, 2026, …","https://cobbcoga.api.civicclerk.com/v1/Meetings/GetMeetingFileStream(fileId=10096,plainText=false)"
land-use,cherokee,Cherokee County,county,13057,Atlanta Regional Commission,2026-08-04,Planning Commission,high,agenda-action,granicus,,rezon; variance,rezoning; variance,"… CASES 1.1 Case #26-08-017 - J. Ethan Underwood for EC New Vision Georgia, LLC (BOC Dist. 4). Applicant is requesting to rezone 110.74 +/- acres from General Agriculture (AG) to Single-Family Residential (R-20) for a Conservation Design Community …",https://cherokeega.granicus.com/AgendaViewer.php?view_id=1&clip_id=1589
land-use,cherokee,Cherokee County,county,13057,Atlanta Regional Commission,2026-08-04,Board of Commissioners,high,agenda-action,granicus,,mixed-use; multi-family; rezon; subdivision; variance,development; rezoning; variance,"… Co., LLC (BOC Dist. 4). Applicant is requesting to rezone 2.0 +/- acres from R-40 to R-20 for a four-lot single family subdivision. 10.2 Case #26-07-015 - Parks F. Huff for Midway Electrical Contracting, Inc. (BOC Dist. 4). Applicant is requesting to …",https://cherokeega.granicus.com/AgendaViewer.php?view_id=1&clip_id=1587
land-use,carroll,Carroll County,county,13045,Broader Metropolitan Statistical Area,2026-08-04,Board of Commissioners,high,agenda-action,ocr,,annexation; rezon,annexation; rezoning,"… in connection with the project. -Danny Yates, Director, Public Works 10.IV. Request for Annexation into the City of Carrollton, Georgia Consideration to Object to the Proposed Annexation of Parcel #089 03 …","https://carrollcoga.api.civicclerk.com/v1/Meetings/GetMeetingFileStream(fileId=2987,plainText=false)"
land-use,bibb,Macon-Bibb County,consolidated,13021,Middle Georgia,2026-08-04,Board of Commissioners,high,unknown,ocr,,comprehensive plan; subdivision; variance,comprehensive-plan; development; variance,,"https://maconbibbcoga.api.civicclerk.com/v1/Meetings/GetMeetingFileStream(fileId=3651,plainText=false)"
land-use,bibb,Macon-Bibb County,consolidated,13021,Middle Georgia,2026-08-04,Board of Commissioners,high,unknown,ocr,,comprehensive plan; subdivision; variance,comprehensive-plan; development; variance,,"https://maconbibbcoga.api.civicclerk.com/v1/Meetings/GetMeetingFileStream(fileId=3649,plainText=false)"
land-use,banks,Banks County,county,13011,,2026-08-04,Planning Commission,high,agenda-action,ocr,,rezon,rezoning,"… . APPLICATIONS FOR PUBLIC HEARING a. Z-26-06 An application has been filed by Ryals Brothers Properties, LLC to Rezone a 10-acre portion of the property identified as B02 011, a 280.73-acre parcel located on W County Line Rd. …",https://mccmeetings.blob.core.usgovcloudapi.net/banksctyga-pubu/MEET-Agenda-cc49ca5f62be455ea1545b750c8edd9e.pdf
land-use,spalding,Spalding County,county,13255,,2026-08-03,Board of Commissioners,high,agenda-action,ocr,,rezon,rezoning,… nty to Three Rivers Regional Commission. 8. Resolution to Adopt a Moratorium on the Acceptance of Rezoning and Special Exception Applications in Spalding County. 9. Consider approval of revised Contrac …,https://spaldingcounty.granicus.com/AgendaViewer.php?view_id=1&event_id=927
land-use,spalding,Spalding County,county,13255,,2026-08-03,Board of Commissioners,high,agenda-action,ocr,,rezon,rezoning,… hree Rivers Regional Commission. 6. Discuss Resolution to Adopt a Moratorium on the Acceptance of Rezoning and Special Exception Application in Spalding County. Zoning Attorney Newton Galloway is req …,https://spaldingcounty.granicus.com/AgendaViewer.php?view_id=1&event_id=918
land-use,lumpkin,Lumpkin County,county,13187,,2026-08-03,Land Use & Development Regulations Review Committee,high,unknown,ocr,,subdivision,development,,"https://lumpkincoga.api.civicclerk.com/v1/Meetings/GetMeetingFileStream(fileId=4192,plainText=false)"
land-use,covington,City of Covington,city,,Broader Metropolitan Statistical Area,2026-08-03,City Council,high,agenda-action,ocr,,future land use; rezon,comprehensive-plan; rezoning,"… **** 5. Motion made by Council Member Moore, seconded by Council Member Henderson to approve the initiation of a Future Land Use Map Amendment from IND (Industrial) to COM (Commercial) and a Rezoning from the current zoning district of M-2 (He …",https://cityofcovington.org/ckeditorfiles/files/2026_CityCouncil_0803_Minutes.pdf
land-use,spalding,Spalding County,county,13255,,2026-07-28,Planning Commission,high,agenda-action,ocr,,rezon; variance; warehouse,development; rezoning; variance,"… 8 acres. The applicant is requesting to rezone from R-2 (Single-Family Residential) to C-1C (Ligh) for a mini-warehouse facility with outdoor storage and RV parking. 2. Application 26-11Z: Blocker & Rochester, LLC, owner, …",https://spaldingcounty.granicus.com/AgendaViewer.php?view_id=1&event_id=1020
land-use,newton,Newton County,county,13217,Broader Metropolitan Statistical Area,2026-07-28,Planning Commission,high,unknown,ocr,,conditional use; future land use; rezon,comprehensive-plan; rezoning; special-land-use,,https://www.newtoncountyga.gov/AgendaCenter/ViewFile/Agenda/_07282026-989
land-use,newton,Newton County,county,13217,Broader Metropolitan Statistical Area,2026-07-28,Planning Commission,high,unknown,ocr,,conditional use; future land use; rezon,comprehensive-plan; rezoning; special-land-use,,https://www.newtoncountyga.gov/AgendaCenter/ViewFile/Agenda/_07282026-985
land-use,gwinnett,Gwinnett County,county,13135,Atlanta Regional Commission,2026-07-28,Board of Commissioners,high,unknown,ocr,,apartment; rezon; subdivision; variance,development; rezoning; variance,,https://www.gwinnettcounty.com/static/upload/bac/52/20260728/a_75722_2026.07.28___Public_Hearing_Agenda.pdf
land-use,forsyth,Forsyth County,county,13117,Atlanta Regional Commission,2026-07-28,Board of Commissioners,high,unknown,ocr,,comprehensive plan; rezon; subdivision,comprehensive-plan; development; rezoning,,"https://forsythcoga.api.civicclerk.com/v1/Meetings/GetMeetingFileStream(fileId=5239,plainText=false)"
land-use,banks,Banks County,county,13011,,2026-07-28,Board of Commissioners,high,unknown,ocr,,subdivision,development,,https://mccmeetings.blob.core.usgovcloudapi.net/banksctyga-pubu/MEET-Agenda-79e26eba508141cfbbd6e42375c87652.pdf
land-use,henry,Henry County,county,13151,Atlanta Regional Commission,2026-07-27,Board of Commissioners,high,agenda-action,ocr,,rezon; subdivision,development; rezoning,"… A. Resolution approving a request for a new streetlight district for the King Oaks Subdivision on Campground Road. District 3 (Presenter: Kamryn Bowen, Planner I)(Exhibit 6) …","https://henrycoga.api.civicclerk.com/v1/Meetings/GetMeetingFileStream(fileId=2600,plainText=false)"
land-use,spalding,Spalding County,county,13255,,2026-07-23,Board of Commissioners,high,agenda-action,ocr,,rezon; subdivision; townhome; variance,development; rezoning; variance,… f the proposed minor final plat approval for 600 North Walkers Mill Road. This request seeks approval for a subdivision consisting of 13 lots that complies with the minimum requirements of two (2) acres per lot and at least 100 …,https://spaldingcounty.granicus.com/AgendaViewer.php?view_id=1&event_id=960
land-use,hall,Hall County,county,13139,Northeast Georgia,2026-07-23,Board of Commissioners,high,unknown,ocr,,comprehensive plan; rezon; subdivision; variance,comprehensive-plan; development; rezoning; variance,,https://nyc3.digitaloceanspaces.com/hall-county-agenda-pub/media/pdfs/agenda-list-MG-327-vm-20260723130310185640.pdf
land-use,forsyth,Forsyth County,county,13117,Atlanta Regional Commission,2026-07-23,Board of Commissioners,high,unknown,ocr,,conditional use; rezon; subdivision; variance; warehouse,development; rezoning; special-land-use; variance,,"https://forsythcoga.api.civicclerk.com/v1/Meetings/GetMeetingFileStream(fileId=5227,plainText=false)"
land-use,coweta,Coweta County,county,13077,,2026-07-23,Board of Zoning Appeals,high,agenda-action,ocr,,variance,variance,"… ons 2. Public Hearing Regarding Petition # VAR 26-016 Filed by Mike Klett Requesting a Rear Building Setback Variance for Property Located at 105 Maple Leaf Road, Sharpsburg - District 1 3. Public Hearing Regarding Petition # VAR-26-0 …","https://cowetacoga.api.civicclerk.com/v1/Meetings/GetMeetingFileStream(fileId=3551,plainText=false)"
land-use,carrollton,City of Carrollton,city,,West Georgia,2026-07-23,City Council,high,unknown,ocr,,annexation; rezon,annexation; rezoning,,https://drive.google.com/file/d/1QvtrC7cgSsww_ifqLn-_8yh86YIHD7pe/view
land-use,walton,Walton County,county,13297,Broader Metropolitan Statistical Area,2026-07-21,Board of Appeals,high,agenda-action,ocr,,variance,variance,… nt - Property located at 4218 Hester Town Road - Parcel C1960010A00 - District 4 4.2. V26-0166 - Variance to allow a pool within the 50-foot stream buffer area and within the 25-foot impervious surface setback - …,https://mccmeetings.blob.core.usgovcloudapi.net/waltonco-pubu/MEET-Agenda-d2e28617a4bb426da65173d3d0622d04.pdf
land-use,spalding,Spalding County,county,13255,,2026-07-21,Board of Commissioners,high,unknown,ocr,,warehouse,development,,https://spaldingcounty.granicus.com/AgendaViewer.php?view_id=1&event_id=997
land-use,spalding,Spalding County,county,13255,,2026-07-21,Board of Commissioners,high,agenda-action,ocr,,warehouse,development,… stribution Disaster Volunteer Management Mass Fatality Donated Goods Warehouse Debris Management Storm Ready: Hazardous Weather Plan 5. Consider Approval …,https://spaldingcounty.granicus.com/AgendaViewer.php?view_id=1&event_id=951
land-use,socialcircle,City of Social Circle,city,,Broader Metropolitan Statistical Area,2026-07-21,City Council,high,agenda-action,ocr,,rezon,rezoning,… QUESTS VI. COUNCIL REQUESTS VII. AGENDA APPROVAL VIII. PUBLIC HEARINGS 1. REZ-2026-004 - Request to Rezone from Residential Medium Density (RMD) to Residential-15 (R-15) to Construct a Single-Family Detached Home a …,https://socialcirclecityga.iqm2.com/Citizens/FileOpen.aspx?Type=14&ID=2150&Inline=True
land-use,newton,Newton County,county,13217,Broader Metropolitan Statistical Area,2026-07-21,Board of Commissioners,high,agenda-action,ocr,,mixed use; subdivision; townhome,development,"… acres Request: Appeal to the Planning Commission's decision to deny the preliminary plat for the Riverstone Grove Mixed Use Development at Salem Road & Kirkland Road, with 28 townhomes and a 4,400 square foot retail building. The Plannin …",https://www.newtoncountyga.gov/AgendaCenter/ViewFile/Agenda/_07212026-984
land-use,morgan,Morgan County,county,13211,,2026-07-21,Board of Commissioners,high,unknown,ocr,,annexation; conditional use; mixed use; rezon; variance; warehouse,annexation; development; rezoning; special-land-use; variance,,https://www.morgancountyga.gov/AgendaCenter/ViewFile/Agenda/_07212026-866
land-use,henry,Henry County,county,13151,Atlanta Regional Commission,2026-07-21,Board of Commissioners,high,agenda-action,ocr,,rezon; subdivision,development; rezoning,"… A. Resolution approving a request for a new streetlight district for the King Oaks Subdivision on Campground Road. District 3 (Presenter: Kamryn Bowen, Planner I)(Exhibit 6) B. …","https://henrycoga.api.civicclerk.com/v1/Meetings/GetMeetingFileStream(fileId=2596,plainText=false)"
land-use,dawson,Dawson County,county,13085,,2026-07-21,Planning Commission,high,agenda-action,ocr,,variance,variance,… ted official is required to complete a Disclosure of Campaign Contribution Form. H. NEW BUSINESS: Application for Variance: 1. VA 26-37: Davis Engineering has submitted an application requesting a variance from the Dawson Coun …,https://mccmeetings.blob.core.usgovcloudapi.net/daga-pubu/MEET-Agenda-52ea666c8fbe42238fdeee44bfb92a11.pdf
land-use,coweta,Coweta County,county,13077,,2026-07-21,Board of Commissioners,high,agenda-action,ocr,,conditional use; rezon; variance,rezoning; special-land-use; variance,"… oposed Fiscal Year 2027 Budget 4. Public Hearing Regarding Petition # REZ 24-20 Filed by LDO Coweta, LLC Requesting to Rezone Property Located at Walt Sanders Road, Newnan - District 3 Regular Session Coweta County Board of Comm …","https://cowetacoga.api.civicclerk.com/v1/Meetings/GetMeetingFileStream(fileId=3555,plainText=false)"
land-use,columbia,Columbia County,county,13073,Central Savannah River Area,2026-07-21,Board of Commissioners,high,agenda-action,ocr,,variance,variance,"… Chairman Duncan a. Development and Planning Services Committee Commissioner Melear 1. (I1a1) VA26-07-01, Variance to Section 90-53 List of lot and Structure Requirements, 618 Millstone Drive, Tax Map 077 Parcel 599, …","https://columbiacoga.api.civicclerk.com/v1/Meetings/GetMeetingFileStream(fileId=13704,plainText=false)"
land-use,cobb,Cobb County,county,13067,Atlanta Regional Commission,2026-07-21,Board of Commissioners,high,agenda-action,ocr,,land use permit; rezon; slup; variance,rezoning; special-land-use; variance,"… rity vote shall be required for adoption of the amendment. The particular item to be amended is the zoning action for rezoning case Z-10 of 2026 as listed in the official minutes of the May 19, 2026 Board of Commissioner's Zoning Hearing. Up …","https://cobbcoga.api.civicclerk.com/v1/Meetings/GetMeetingFileStream(fileId=9063,plainText=false)"
land-use,clayton,Clayton County,county,13063,Atlanta Regional Commission,2026-07-21,Board of Commissioners,high,unknown,ocr,,comprehensive plan; conditional use; mixed use; variance,comprehensive-plan; development; special-land-use; variance,,https://claytoncountyga.primegov.com/Public/CompiledDocument?meetingTemplateId=5383&compileOutputType=1
land-use,cherokee,Cherokee County,county,13057,Atlanta Regional Commission,2026-07-21,Board of Commissioners,high,agenda-action,granicus,,annexation; comprehensive plan; mixed-use; multi-family; rezon; subdivision; variance,annexation; comprehensive-plan; development; rezoning; variance,… g wireless tower to be located within a property line a distance less than the height of the tower. 10.2 City of Canton Annexation - 2829 Ball Ground Highway and 3830 Fate Conn Road. Consider annexation request from the City of Canton for 48.192 +/- …,https://cherokeega.granicus.com/AgendaViewer.php?view_id=1&clip_id=1582
land-use,cherokee,Cherokee County,county,13057,Atlanta Regional Commission,2026-07-21,Board of Commissioners,high,agenda-action,granicus,,subdivision,development,"… erokee County Admin Complex 1130 Bluffs Pkwy, Canton, GA 30114 3:00 PM CALL TO ORDER 1. Update on Large Lot Residential Subdivision Ordinance presented by Consultant Team from Kimley-Horn. 2. Discussion of Regular Agenda Items. ADJOURN Executive Sessi …",https://cherokeega.granicus.com/AgendaViewer.php?view_id=1&clip_id=1576
land-use,bibb,Macon-Bibb County,consolidated,13021,Middle Georgia,2026-07-21,Board of Commissioners,high,unknown,ocr,,comprehensive plan; future land use; land use plan; mixed-use; subdivision,comprehensive-plan; development,,"https://maconbibbcoga.api.civicclerk.com/v1/Meetings/GetMeetingFileStream(fileId=3633,plainText=false)"
land-use,bibb,Macon-Bibb County,consolidated,13021,Middle Georgia,2026-07-21,Board of Commissioners,high,unknown,ocr,,comprehensive plan; future land use; land use plan; mixed-use; subdivision,comprehensive-plan; development,,"https://maconbibbcoga.api.civicclerk.com/v1/Meetings/GetMeetingFileStream(fileId=3630,plainText=false)"
land-use,pickens,Pickens County,county,13227,,2026-07-20,Board of Commissioners,high,unknown,ocr,,rezon,rezoning,,https://www.pickenscountyga.gov/AgendaCenter/ViewFile/Agenda/_07202026-189
land-use,hall,Hall County,county,13139,Northeast Georgia,2026-07-20,Board of Commissioners,high,unknown,ocr,,comprehensive plan; rezon; subdivision; variance,comprehensive-plan; development; rezoning; variance,,https://nyc3.digitaloceanspaces.com/hall-county-agenda-pub/media/pdfs/agenda-list-MG-327-ws-20260720125850365696.pdf
land-use,douglas,Douglas County,county,13097,Atlanta Regional Commission,2026-07-20,Board of Commissioners,high,unknown,ocr,,variance,variance,,"https://douglascountyga.api.civicclerk.com/v1/Meetings/GetMeetingFileStream(fileId=7427,plainText=false)"
land-use,dawson,Dawson County,county,13085,,2026-07-16,Board of Commissioners,high,agenda-action,ocr,,future land use; mixed use; rezon; warehouse,comprehensive-plan; development; rezoning,"… oposed office, flex and warehouse development. The proposed rezoning is consistent with the Georgia 400 Mixed Use Future Land Use/Character Area Map. The subject property is located at Whitmire Drive, Dawsonville, GA 30534 (Parcel Nos. 1 …",https://mccmeetings.blob.core.usgovcloudapi.net/daga-pubu/MEET-Agenda-54776ed2a3644194bf2a6c1b272b0ba0.pdf
land-use,columbia,Columbia County,county,13073,Central Savannah River Area,2026-07-16,Planning Commission,high,unknown,ocr,,apartment; rezon; variance,development; rezoning; variance,,"https://columbiacoga.api.civicclerk.com/v1/Meetings/GetMeetingFileStream(fileId=13692,plainText=false)"
land-use,barrow,Barrow County,county,13013,Broader Metropolitan Statistical Area,2026-07-16,Planning Commission,high,agenda-action,granicus,,future land use; rezon; subdivision; townhome; variance,comprehensive-plan; development; rezoning; variance,… r an individual lot split. f) BOC2026-00071 (XX049 079B) 0 Highway 211 NW; Jakob Sullins / Applicant; JPPN LLC / Owner; Future Land Use Map Amendment from Suburban Residential to Traditional Residential and Commercial Corridor. Request to rezone ±2.10 acr …,https://barrowga.granicus.com/AgendaViewer.php?view_id=1&clip_id=1142
land-use,fulton,Fulton County,county,13121,Atlanta Regional Commission,2026-07-15,Board of Commissioners,high,agenda-action,legistar,,multifamily; subdivision,development,"Request approval of a Water Easement Dedication of 25,755 square feet to Fulton County, a political subdivision of the State of Georgia, from JBGL Atlanta Development 2014, LLC, for the purpose of constructing the Bellwyn Project a …",https://fulton.legistar.com/MeetingDetail.aspx?LEGID=6390&GID=817&G=197058BF-F352-4423-BE44-04DFABBD8188
land-use,cobb,Cobb County,county,13067,Atlanta Regional Commission,2026-07-15,Board of Zoning Appeals,high,unknown,ocr,,variance,variance,,"https://cobbcoga.api.civicclerk.com/v1/Meetings/GetMeetingFileStream(fileId=9053,plainText=false)"
land-use,paulding,Paulding County,county,13223,Atlanta Regional Commission,2026-07-14,Board of Commissioners,high,agenda-action,ocr,,rezon,rezoning,… 26-03-SPSA: Application by GASKINS & LECRAW / DANI BLUMENTHAL requesting a site plan revision for prior rezonings (2013-15-Z & 2022-06-SUP / 2025-05-Z & 2025-01- SUP). The site is zoned B-2 (Highway Business) Dist …,https://mccmeetings.blob.core.usgovcloudapi.net/pauldingga-pubu/MEET-Agenda-a1c7758398e84dcd984b9089d676195f.pdf
land-use,dekalb,DeKalb County,county,13089,Atlanta Regional Commission,2026-07-14,Board of Commissioners,high,agenda-action,legistar,,multifamily; rezon,development; rezoning,"… implementation of the DeKalb County Housing Investment Bond Program by approving the creation and implementation of the Multifamily Acquisition Fund, DeKalb Housing Catalyst Multifamily Gap Financing Program, DeKalb HomeStart Down Payment Assistance P …",https://dekalbcountyga.legistar.com/MeetingDetail.aspx?LEGID=4482&GID=570&G=38B42E79-166F-4337-AE30-3665ECD50E7A
land-use,cobb,Cobb County,county,13067,Atlanta Regional Commission,2026-07-14,Board of Commissioners,high,unknown,ocr,,annexation; warehouse,annexation; development,,"https://cobbcoga.api.civicclerk.com/v1/Meetings/GetMeetingFileStream(fileId=9043,plainText=false)"
land-use,banks,Banks County,county,13011,,2026-07-14,Board of Commissioners,high,agenda-action,ocr,,conditional use; subdivision,development; special-land-use,… zone. The proposed business is IT services and website design. 9. PLANNING & ZONING: a. Code Amendment: Class V Subdivision b. Code Amendment: Auto Broker c. Code Amendment: Home Occupation 10. PRESENTATIONS: a. Family Resou …,https://mccmeetings.blob.core.usgovcloudapi.net/banksctyga-pubu/MEET-Agenda-91f58e8a6acb4bf8aa37181da4495745.pdf
land-use,pickens,Pickens County,county,13227,,2026-07-13,Planning Commission,high,agenda-action,ocr,,rezon,rezoning,… READING AND APPROVAL OF PREVIOUS MINUTES III. OLD BUSINESS: IV. NEW BUSINESS: A. Rezones: RZ – 191163 – Dena J. Keeter 86 Highway 136 Connector …,https://www.pickenscountyga.gov/AgendaCenter/ViewFile/Agenda/_07132026-188
land-use,meriwether,Meriwether County,county,13199,,2026-07-13,Board of Commissioners,high,agenda-action,ocr,,variance,variance,"… r Meeting at 6:00 p.m. X. PUBLIC HEARING 1. Case #PC26-006: Request from Rodney Landrum requesting a hardship variance to allow him to put a smaller home on his property than allowed. Parcel 202-023, 3.7 acres, 6156 Cove Roa …",https://www.meriwethercountyga.gov/AgendaCenter/ViewFile/Agenda/_07132026-648
land-use,carrollton,City of Carrollton,city,,West Georgia,2026-07-13,City Council,high,public-comment,ocr,,multifamily; rezon,development; rezoning,,https://drive.google.com/file/d/190CUq9M6wu8NsLGgYtiiNYm8117WL7yz/view
land-use,chatham,Chatham County,county,13051,Coastal Georgia,2026-07-10,Board of Commissioners,high,agenda-action,ocr,,comprehensive plan,comprehensive-plan,"… ion of executed Resolution to permit MPC to transmit the draft of the Chatham County-Savannah 2040-2045 Comprehensive Plan Update to the State of Georgia. (NOTE: Deadline for submittal was June 26, 2026.) 9. Reque …",https://chathamcountyga.iqm2.com/Citizens/FileOpen.aspx?Type=14&ID=1742&Inline=True
land-use,walton,Walton County,county,13297,Broader Metropolitan Statistical Area,2026-07-09,Planning Commission,high,agenda-action,ocr,,rezon; warehouse,development; rezoning,"… t 5 4.2. Z26-0156 - Rezone 7.486 acres from A2 to B2 for a convenience store with fuel pumps and office warehouse/contractor storage buildings - Applicant/Owner: 81 Investment Company, LLC - property located at 5187 Highway …",https://mccmeetings.blob.core.usgovcloudapi.net/waltonco-pubu/MEET-Agenda-3743cc69e097443ba5513e0c55ea45a2.pdf
land-use,henry,Henry County,county,13151,Atlanta Regional Commission,2026-07-09,Zoning Advisory Board,high,unknown,ocr,,comprehensive plan; future land use; rezon; variance,comprehensive-plan; rezoning; variance,,"https://henrycoga.api.civicclerk.com/v1/Meetings/GetMeetingFileStream(fileId=2579,plainText=false)"
land-use,hall,Hall County,county,13139,Northeast Georgia,2026-07-09,Board of Commissioners,high,agenda-action,ocr,,variance,variance,"… is $443,338.56. Public Hearing to amend Hall County's Zoning Map as follows: 20 1161 Candler Road | Variance to Article 8 | site development standards | on a 4.58 acre tract located on the east side of Candler Road …",https://nyc3.digitaloceanspaces.com/hall-county-agenda-pub/media/pdfs/agenda-list-MG-326-vm-20260708194125239425.pdf
land-use,forsyth,Forsyth County,county,13117,Atlanta Regional Commission,2026-07-09,Board of Commissioners,high,unknown,ocr,,conditional use; rezon; subdivision; variance; warehouse,development; rezoning; special-land-use; variance,,"https://forsythcoga.api.civicclerk.com/v1/Meetings/GetMeetingFileStream(fileId=5202,plainText=false)"
land-use,fayette,Fayette County,county,13113,Atlanta Regional Commission,2026-07-09,Board of Commissioners,high,unknown,ocr,,comprehensive plan; future land use; rezon; subdivision,comprehensive-plan; development; rezoning,,https://www.fayettecountyga.gov/07-09-2026%20BOC%20Agenda.pdf
land-use,carroll,Carroll County,county,13045,Broader Metropolitan Statistical Area,2026-07-09,Board of Appeals,high,unknown,ocr,,variance,variance,,"https://carrollcoga.api.civicclerk.com/v1/Meetings/GetMeetingFileStream(fileId=2935,plainText=false)"
land-use,barrow,Barrow County,county,13013,Broader Metropolitan Statistical Area,2026-07-09,Board of Appeals,high,agenda-action,granicus,,variance,variance,… ublic Hearings a) VAR2026-00094 (XX056 009D) 406 Mulberry Rd; Matthew Redd/ Applicant; Matthew & Caitlin Redd / Ow ner; Variance request to UDC Sec. 89- 402 for road frontage required and Sec. 89-403 for lot width. VI. Adjournment Barrow County Gov …,https://barrowga.granicus.com/AgendaViewer.php?view_id=1&clip_id=1138
land-use,walton,Walton County,county,13297,Broader Metropolitan Statistical Area,2026-07-07,Board of Commissioners,high,agenda-action,ocr,,rezon; subdivision; variance,development; rezoning; variance,… 7.4. Acceptance of ROW (60') - Franklin Estates Phase 2 7.5. Acceptance of ROW (60') - Pinehurst Subdivision 7.6. Agreement - The Shpigler Group - Water Rate Study (for the record) 7.7. Engagement L …,https://mccmeetings.blob.core.usgovcloudapi.net/waltonco-pubu/MEET-Agenda-a1bd74a3f32a43eaae7f7072cef79220.pdf
land-use,newton,Newton County,county,13217,Broader Metropolitan Statistical Area,2026-07-07,Board of Commissioners,high,agenda-action,ocr,,future land use; land use permit; rezon,comprehensive-plan; rezoning; special-land-use,… Action item 7:30 P.M. ZONING & PUBLIC HEARING AGENDA_ 1. FLU26-000001 (Future land Use Permit) Location: 1042 Woodlawn Rd Applicant: Rhianon Mangan Map & Parcel Number: 0116-013F FLUM: AF (Agric …,https://www.newtoncountyga.gov/AgendaCenter/ViewFile/Agenda/_07072026-978
land-use,morgan,Morgan County,county,13211,,2026-07-07,Board of Commissioners,high,unknown,ocr,,conditional use; subdivision; variance,development; special-land-use; variance,,https://www.morgancountyga.gov/AgendaCenter/ViewFile/Agenda/_07072026-864
land-use,henry,Henry County,county,13151,Atlanta Regional Commission,2026-07-07,Board of Commissioners,high,agenda-action,ocr,,annexation,annexation,"… e Director)(Exhibit 2) Resolution 26-273 Planning and Zoning A. Resolution to Approve the Annexation Agreement Settlement between Henry County and the City of McDonough. (Presenter: Kamau As-Salaam, …","https://henrycoga.api.civicclerk.com/v1/Meetings/GetMeetingFileStream(fileId=2585,plainText=false)"
land-use,douglas,Douglas County,county,13097,Atlanta Regional Commission,2026-07-07,Planning & Zoning,high,agenda-action,ocr,,future land use; rezon; subdivision,comprehensive-plan; development; rezoning,"… on was deferred from 56/S2026-57 the June 2, 2026 meeting. Z2026- East Village Dothan, LLC - a request for a Future Land Use Map 41/S2026-42 amendment from RP(rural places) to CC (commerce center), a rezoning from R-A (residenti …","https://douglascountyga.api.civicclerk.com/v1/Meetings/GetMeetingFileStream(fileId=7412,plainText=false)"
land-use,dekalb,DeKalb County,county,13089,Atlanta Regional Commission,2026-07-07,Planning Commission,high,agenda-action,legistar,,apartment; land use permit; land use plan; mixed-use; rezon; slup; special land use; townhome,comprehensive-plan; development; rezoning; special-land-use,"COMMISSION DISTRICT(S): 3 and 6 Application of the Director of Planning & Sustainability to amend the land use plan from Light Industrial (LIND) character area to Suburban (SUB) character area, at 1670 Henrico Road. Ordinance",https://dekalbcountyga.legistar.com/MeetingDetail.aspx?LEGID=4532&GID=570&G=38B42E79-166F-4337-AE30-3665ECD50E7A
land-use,dekalb,DeKalb County,county,13089,Atlanta Regional Commission,2026-07-07,Board of Commissioners,high,agenda-action,legistar,,land use permit; special land use,special-land-use,"… 7-3.39 to update the Bouldercrest-Cedar Grove-Moreland Overlay District to allow limited office uses, when subject to a Special Land Use Permit and additional criteria with Tier V of the overlay. Ordinance",https://dekalbcountyga.legistar.com/MeetingDetail.aspx?LEGID=4480&GID=570&G=38B42E79-166F-4337-AE30-3665ECD50E7A
land-use,coweta,Coweta County,county,13077,,2026-07-07,Board of Commissioners,high,agenda-action,ocr,,rezon; subdivision,development; rezoning,"… trict 4 8. Request Acceptance of Roadways and Deed of Open Space Restriction Associated with Wimberly Estates Subdivision, Phase 2 - District 3 9. Request to Set a Public Hearing on August 11, 2026 Regarding a Proposed Amendment to Append …","https://cowetacoga.api.civicclerk.com/v1/Meetings/GetMeetingFileStream(fileId=3517,plainText=false)"
land-use,columbia,Columbia County,county,13073,Central Savannah River Area,2026-07-07,Board of Commissioners,high,agenda-action,ocr,,variance,variance,"… Page 2 of 3 1. (I2b1) Alcoholic Beverage License Jones Creek Golf Course LLC 2. (I2b2) VA26-06-01, Variance to Section 90-135 Signs, 4015 Gateway Blvd, Tax Map 068 Parcel 1667, 1.71 +/- acres, and currently zon …","https://columbiacoga.api.civicclerk.com/v1/Meetings/GetMeetingFileStream(fileId=13685,plainText=false)"
land-use,cherokee,Cherokee County,county,13057,Atlanta Regional Commission,2026-07-07,Planning Commission,high,agenda-action,granicus,,rezon; subdivision; variance,development; rezoning; variance,"… Co., LLC (BOC Dist. 4). Applicant is requesting to rezone 2.0 +/- acres from R-40 to R-20 for a four-lot single family subdivision. 2.2 Case #26-07-014 - E. Benson Chambers for M&A Backyard Solutions (BOC Dist. 1). Applicant is requesting a Special U …",https://cherokeega.granicus.com/AgendaViewer.php?view_id=1&clip_id=1571
land-use,cherokee,Cherokee County,county,13057,Atlanta Regional Commission,2026-07-07,Board of Commissioners,high,agenda-action,granicus,,comprehensive plan; rezon; subdivision; variance; warehouse,comprehensive-plan; development; rezoning; variance,"… doption of the Bells Ferry LCI Plan Update. Consider adoption of the Bells Ferry LCI Plan Update as an amendment to the Comprehensive Plan. 9. PUBLIC COMMENT 10. PLANNING AND ZONING 10.1 Case #26-06-011 - J. Ethan Underwood for TJDJ Enterprises, LLC (BOC Dis …",https://cherokeega.granicus.com/AgendaViewer.php?view_id=1&clip_id=1569
land-use,carroll,Carroll County,county,13045,Broader Metropolitan Statistical Area,2026-07-07,Board of Commissioners,high,agenda-action,ocr,,annexation; rezon,annexation; rezoning,"… Development Authority. -Montrell McClendon, Commissioner District 1 10.IV. Request for Annexation into the City of Carrollton Consideration of Notice of Proposed Annexation of Parcel #089 0911, 089 …","https://carrollcoga.api.civicclerk.com/v1/Meetings/GetMeetingFileStream(fileId=2961,plainText=false)"
land-use,banks,Banks County,county,13011,,2026-07-07,Planning Commission,high,agenda-action,ocr,,conditional use; rezon; subdivision,development; rezoning; special-land-use,… to ARR- Agricultural Rural Residential for agricultural use. 6. CODE AMENDMENTS a. Code Amendment - Class V Subdivisions b. Code Amendment - Home Occupation Regulations c. UNTABLE: Code Amendment - Auto Brokers 7. ROUNDT …,https://mccmeetings.blob.core.usgovcloudapi.net/banksctyga-pubu/MEET-Agenda-7aedb066c1e0430abeede74b0461d1c3.pdf
land-use,hall,Hall County,county,13139,Northeast Georgia,2026-07-06,Board of Commissioners,high,agenda-action,ocr,,variance,variance,"… District 2 | The Ark at Lake Lanier, LLC c/o Jeff Hylton, applicant 11 6250 & 6255 Old Dawsonville Road | Variance to Section 8.1 | to parking standards | on two tracts totaling 3.59 acres located on the north and …",https://nyc3.digitaloceanspaces.com/hall-county-agenda-pub/media/pdfs/agenda-list-MG-326-ws-20260702155907715213.pdf
land-use,morgan,Morgan County,county,13211,,2026-07-02,Planning Commission,high,agenda-action,ocr,,conditional use; variance,special-land-use; variance,… ESS: There is no unfinished business. NEW BUSINESS: I. Richard Massey is requesting conditional use approval to allow a family burial plot on 313.2 acres located at 1300 Holstein Road (Tax Parcel …,https://www.morgancountyga.gov/AgendaCenter/ViewFile/Agenda/_07022026-859
land-use,columbia,Columbia County,county,13073,Central Savannah River Area,2026-07-02,Planning Commission,high,agenda-action,ocr,,variance,variance,"… remise address only. Commission District 2. Staff Assignment Will Butler. b. Public Hearing 1. (H1b1) VA26-07-01, Variance to Section 90-53 List of lot and Structure Requirements, 618 Millstone Drive, Tax Map 077 Parcel 599, …","https://columbiacoga.api.civicclerk.com/v1/Meetings/GetMeetingFileStream(fileId=13672,plainText=false)"
land-use,bartow,Bartow County,county,13015,Broader Metropolitan Statistical Area,2026-07-01,Board of Commissioners,high,unknown,ocr,,annexation,annexation,,https://www.bartowcountyga.gov/CommissionerOffice/AGENDA.PUBLIC_MEETING_7-1-2026.pdf
land-use,spalding,Spalding County,county,13255,,2026-06-30,Planning Commission,high,agenda-action,ocr,,rezon; variance,rezoning; variance,"… 107 of the 3rd Land District, Parcel No. 500 06006A, consisting of 0.8 acres. The applicant is requesting to rezone the property from R-1 (Single-Family Residential) to C-1 (Highway Commercial), for a continuance of …",https://spaldingcounty.granicus.com/AgendaViewer.php?view_id=1&event_id=1019
land-use,muscogee,Columbus-Muscogee County,consolidated,13215,West Georgia,2026-06-29,Zoning Committee,high,agenda-action,legistar,,apartment; rezon; variance,development; rezoning; variance,"… d on the west side of Demorest Road; 460± feet north of White Spruce Lane, From: R, Rural District, To: L-AR-1, Limited Apartment Residential District (Rezoning #Z25-055). Ordinance",https://columbus.legistar.com/MeetingDetail.aspx?LEGID=6194&GID=139&G=4F637594-17B0-4E92-8196-37F14328D337
land-use,muscogee,Columbus-Muscogee County,consolidated,13215,West Georgia,2026-06-29,Columbus City Council,high,agenda-action,legistar,,annexation; apartment; townhome; warehouse,annexation; development,"To accept the application (AN25-013) of San Remo Townhomes, LLC for the annexation of certain territory containing 3.0± acres in Franklin & Norwich Township. ($0.00) Ordinance",https://columbus.legistar.com/MeetingDetail.aspx?LEGID=6195&GID=139&G=4F637594-17B0-4E92-8196-37F14328D337
land-use,spalding,Spalding County,county,13255,,2026-06-25,Board of Commissioners,high,unknown,ocr,,future land use; rezon; subdivision; variance,comprehensive-plan; development; rezoning; variance,,https://spaldingcounty.granicus.com/AgendaViewer.php?view_id=1&event_id=959
land-use,hall,Hall County,county,13139,Northeast Georgia,2026-06-25,Board of Commissioners,high,agenda-action,ocr,,comprehensive plan; rezon; subdivision; variance,comprehensive-plan; development; rezoning; variance,… ness - Planning and Development 41 Approve the Transmittal of a minor update to the Hall County Forward 2045 Comprehensive Plan to the Georgia Mountains Regional Commission. 42 Public Hearing to adopt Hall County's updated Capital Improvements …,https://nyc3.digitaloceanspaces.com/hall-county-agenda-pub/media/pdfs/agenda-list-MG-325-vm-20260625155743952671.pdf
land-use,fayette,Fayette County,county,13113,Atlanta Regional Commission,2026-06-25,Board of Commissioners,high,agenda-action,ocr,,rezon,rezoning,"… 3. Consideration of Petition 1381-26, Wright Chancey McBride, LLC, Owner and Rod Wright, Agent, requesting to rezone Parcel No. 0448 034 (8.227 acres), from A-R (Agriculture-Residential) to R-80 (Single-Family Residential); p …",https://www.fayettecountyga.gov/06-25-2026%20Action%20Agenda.pdf
land-use,coweta,Coweta County,county,13077,,2026-06-25,Board of Zoning Appeals,high,agenda-action,ocr,,conditional use; variance,special-land-use; variance,"… 2 4. Public Hearing Regarding Petition # CONDUSE 26-02 Filed by JLH, LLC (dba Caswell Wrecker) Requesting a Conditional Use Permit for Property Located at 2657 W Hwy 16, Newnan - District 2 5. Public Hearing Regarding Petition # CONDUSE 26- …","https://cowetacoga.api.civicclerk.com/v1/Meetings/GetMeetingFileStream(fileId=3501,plainText=false)"
land-use,socialcircle,City of Social Circle,city,,Broader Metropolitan Statistical Area,2026-06-23,Planning Commission,high,agenda-action,ocr,,annexation; comprehensive plan; future land use; rezon; warehouse,annexation; comprehensive-plan; development; rezoning,"… ABSENT: Member Parr, Member Mullins IV. PUBLIC HEARINGS a. ANX-2026-001 - Request for Annexation of Tax Parcel C1480001 +/- 123.36 Acres into the City of Social Circle, as Part of a Proposed Data Center De …",https://socialcirclecityga.iqm2.com/Citizens/FileOpen.aspx?Type=14&ID=2144&Inline=True
land-use,paulding,Paulding County,county,13223,Atlanta Regional Commission,2026-06-23,Board of Commissioners,high,agenda-action,ocr,,rezon; variance,rezoning; variance,… _ 12. Action to approve 2025-19-Z: Application by ARTISAN BUILT COMMUNITIES requesting to rezone 15.07 acres from R-2 (Suburban Residential District) & PRD (Planned Residential Development District) …,https://mccmeetings.blob.core.usgovcloudapi.net/pauldingga-pubu/MEET-Agenda-b503389bc6cc4d04944776b3feda712d.pdf
land-use,paulding,Paulding County,county,13223,Atlanta Regional Commission,2026-06-23,Board of Commissioners,high,agenda-action,ocr,,rezon; variance,rezoning; variance,… enda for Consideration of adoption. 12. 2025-19-Z: Application by ARTISAN BUILT COMMUNITIES requesting to rezone 15.07 acres from R-2 (Suburban Residential District) & PRD (Planned Residential Development …,https://mccmeetings.blob.core.usgovcloudapi.net/pauldingga-pubu/MEET-Agenda-697c3fb244314fa4bb0bc05ca489576f.pdf
land-use,meriwether,Meriwether County,county,13199,,2026-06-23,Board of Commissioners,high,agenda-action,ocr,,rezon,rezoning,"… lar Meeting at 6:00 p.m. X. PUBLIC HEARING 1. Case# PC26-001 - Request from Chisel Mill Design & Build LLC to rezone parcel 028- 029, 36.81 acres (Ellis & Forrest Roads) from RR to R-1 for the proposed use from 2 acre lot …",https://www.meriwethercountyga.gov/AgendaCenter/ViewFile/Agenda/_06232026-647
land-use,dekalb,DeKalb County,county,13089,Atlanta Regional Commission,2026-06-23,Board of Commissioners,high,agenda-action,legistar,,land use permit; multifamily; rezon; special land use,development; rezoning; special-land-use,"… implementation of the DeKalb County Housing Investment Bond Program by approving the creation and implementation of the Multifamily Acquisition Fund, DeKalb Housing Catalyst Multifamily Gap Financing Program, DeKalb HomeStart Down Payment Assistance P …",https://dekalbcountyga.legistar.com/MeetingDetail.aspx?LEGID=4479&GID=570&G=38B42E79-166F-4337-AE30-3665ECD50E7A
land-use,muscogee,Columbus-Muscogee County,consolidated,13215,West Georgia,2026-06-22,Zoning Committee,high,agenda-action,legistar,,apartment; rezon; variance,development; rezoning; variance,"… s located on the north side of Kinnear Road, 900± feet west of Olentangy River Road, From: R, Rural District, To: AR-3, Apartment Residential District (Rezoning #Z22-050). Ordinance",https://columbus.legistar.com/MeetingDetail.aspx?LEGID=6192&GID=139&G=4F637594-17B0-4E92-8196-37F14328D337
land-use,muscogee,Columbus-Muscogee County,consolidated,13215,West Georgia,2026-06-22,Columbus City Council,high,agenda-action,legistar,,annexation; apartment; rezon; subdivision; townhome; variance,annexation; development; rezoning; variance,"To accept the application (AN25-013) of San Remo Townhomes, LLC for the annexation of certain territory containing 3.0± acres in Franklin & Norwich Township. ($0.00) Ordinance",https://columbus.legistar.com/MeetingDetail.aspx?LEGID=6193&GID=139&G=4F637594-17B0-4E92-8196-37F14328D337
land-use,forsyth,Forsyth County,county,13117,Atlanta Regional Commission,2026-06-18,Board of Commissioners,high,agenda-action,ocr,,conditional use; rezon; variance,rezoning; special-land-use; variance,… Development (5) Public Hearing and possible vote regarding the County-Initiated request to rezone from Single Family Residential District (RES3) to Single Family Residential District …,"https://forsythcoga.api.civicclerk.com/v1/Meetings/GetMeetingFileStream(fileId=5174,plainText=false)"
land-use,dekalb,DeKalb County,county,13089,Atlanta Regional Commission,2026-06-18,Committee of the Whole,high,agenda-action,legistar,,land use permit; multifamily; rezon; special land use,development; rezoning; special-land-use,"… implementation of the DeKalb County Housing Investment Bond Program by approving the creation and implementation of the Multifamily Acquisition Fund, DeKalb Housing Catalyst Multifamily Gap Financing Program, DeKalb HomeStart Down Payment Assistance P …",https://dekalbcountyga.legistar.com/MeetingDetail.aspx?LEGID=4477&GID=570&G=38B42E79-166F-4337-AE30-3665ECD50E7A
land-use,dawson,Dawson County,county,13085,,2026-06-18,Board of Commissioners,high,agenda-action,ocr,,future land use; mixed use; rezon; variance; warehouse,comprehensive-plan; development; rezoning; variance,"… posed office, flex and warehouse development. The proposed rezoning is consistent with the Georgia 400 Mixed Use Future Land Use/Character Area Map. The subject property is located at Whitmire Drive, Dawsonville, GA 30534 (Parcel Nos. …",https://mccmeetings.blob.core.usgovcloudapi.net/daga-pubu/MEET-Agenda-2a0b4b60dba74c4c821ec5e2f6efccce.pdf
land-use,columbia,Columbia County,county,13073,Central Savannah River Area,2026-06-18,Planning Commission,high,agenda-action,ocr,,variance,variance,"… f Assignment Will Butler. Postponed from June 4, 2026. 2. New Business a. Public Hearing 1. (H2a1) VA26-06-01, Variance to Section 90-135 Signs, 4015 Gateway Blvd, Tax Map 068 Parcel 1667, 1.71 +/- acres, and currently zon …","https://columbiacoga.api.civicclerk.com/v1/Meetings/GetMeetingFileStream(fileId=13644,plainText=false)"
land-use,carrollton,City of Carrollton,city,,West Georgia,2026-06-18,City Council,high,unknown,ocr,,annexation; multifamily; rezon,annexation; development; rezoning,,https://drive.google.com/file/d/1thuZv76gNhVQryIREdZ_NUxA0v8ZJX4G/view
land-use,barrow,Barrow County,county,13013,Broader Metropolitan Statistical Area,2026-06-18,Planning Commission,high,agenda-action,granicus,,future land use; rezon; subdivision; townhome; variance,comprehensive-plan; development; rezoning; variance,"… Group LLC, Laverne Harwell, Neal & Glenese Holliday, Stephen Butler & Stacie Holiday, Stephen & Candis Hayes / Owners; Future Land Use Map amendment (FLUM) to Low Intensity Workplace. Rezone ± 203.78 acres from AG (Agriculture) and AR (Agriculture Reside …",https://barrowga.granicus.com/AgendaViewer.php?view_id=1&clip_id=1134
land-use,fulton,Fulton County,county,13121,Atlanta Regional Commission,2026-06-17,Board of Commissioners,high,agenda-action,legistar,,multifamily; subdivision,development,"… ntenance, and Land Use Agreement for Private Improvement (Indemnification Agreement) between Fulton County, a political subdivision of the State of Georgia, and Toll Southeast LP Company, Inc., owner, for the purpose of granting conditional approval t …",https://fulton.legistar.com/MeetingDetail.aspx?LEGID=6388&GID=817&G=197058BF-F352-4423-BE44-04DFABBD8188
land-use,chatham,Chatham County,county,13051,Coastal Georgia,2026-06-17,Board of Commissioners,high,agenda-action,ocr,,multi-family; rezon,development; rezoning,"… Environmental Overlay and Institutional-Professional Environmental Overlay to Planned Unit Development Multi-Family Environment Overlay. MPC File Number: Z-0426-000617, PINs: 10219 01004, 10219 01007, Th …",https://chathamcountyga.iqm2.com/Citizens/FileOpen.aspx?Type=14&ID=1740&Inline=True
land-use,walton,Walton County,county,13297,Broader Metropolitan Statistical Area,2026-06-16,Board of Appeals,high,agenda-action,ocr,,variance,variance,"… 2. APPROVAL OF MINUTES 2.1. Additions/Deletions 3. OLD BUSINESS 4. NEW BUSINESS 4.1. V26-0138 - Variance to request reduction of the required roof pitch of 5:12, allow vinyl/aluminum siding and waive required g …",https://mccmeetings.blob.core.usgovcloudapi.net/waltonco-pubu/MEET-Agenda-4563e92ef2b44847897050b16281939f.pdf
land-use,morgan,Morgan County,county,13211,,2026-06-16,Board of Commissioners,high,unknown,ocr,,subdivision,development,,https://www.morgancountyga.gov/AgendaCenter/ViewFile/Agenda/_06162026-857
land-use,henry,Henry County,county,13151,Atlanta Regional Commission,2026-06-16,Board of Commissioners,high,agenda-action,ocr,,subdivision,development,"… DOT A. Resolution authorizing the installation of speed humps within the Hudson Bridge Estates Subdivision. The estimated cost of the project is $60,000, with funding available within the Department of Transportat …","https://henrycoga.api.civicclerk.com/v1/Meetings/GetMeetingFileStream(fileId=2566,plainText=false)"
land-use,dawson,Dawson County,county,13085,,2026-06-16,Planning Commission,high,agenda-action,ocr,,future land use; rezon,comprehensive-plan; rezoning,"… to be built before the principal building. The proposed rezoning is consistent with the Rural Living Future Land Use/Character Area Map. The subject property is located at 1693 Cowart Road, Dawsonville, GA 30534 (Parcel Number: …",https://mccmeetings.blob.core.usgovcloudapi.net/daga-pubu/MEET-Agenda-d2159ae73a6044cc8024c4cfc7eddaf7.pdf
land-use,coweta,Coweta County,county,13077,,2026-06-16,Board of Commissioners,high,agenda-action,ocr,,rezon; variance,rezoning; variance,"… e D, Newnan - District 5 4. Public Hearing Regarding Petition # REZ 26-05 Filed by Brent Holdings, LLC Requesting to Rezone Property Located at 1612 South Highway 29, Newnan - District 2 Coweta County Board of Commissioners …","https://cowetacoga.api.civicclerk.com/v1/Meetings/GetMeetingFileStream(fileId=3495,plainText=false)"
land-use,clayton,Clayton County,county,13063,Atlanta Regional Commission,2026-06-16,Board of Commissioners,high,agenda-action,ocr,,comprehensive plan; conditional use; future land use; mixed use; mixed-use; rezon; townhome; warehouse,comprehensive-plan; development; rezoning; special-land-use,"… 37. Public Hearing - The Applicant Submitted a Request to TABLE to June 16, 2026 - BOC- 2403-0403 - Amend the Future Land Use Map Category for 7327 Cullen Dr Extension, Jonesboro GA 30236 (Commission District 4 - DeMont Davis) …",https://claytoncountyga.primegov.com/Public/CompiledDocument?meetingTemplateId=5367&compileOutputType=1
land-use,cherokee,Cherokee County,county,13057,Atlanta Regional Commission,2026-06-16,Board of Commissioners,high,agenda-action,granicus,,annexation; comprehensive plan; mixed-use; multi-family; rezon; variance,annexation; comprehensive-plan; development; rezoning; variance,… its the use of the property for a restaurant use only. 9. PUBLIC COMMENT 10. PLANNING AND ZONING 10.1 City of Woodstock Annexation - 200 Dupree Road. Consider annexation request from the City of Woodstock for A#132-26 - 200 Dupree Road. 10.2 City of …,https://cherokeega.granicus.com/AgendaViewer.php?view_id=1&clip_id=1560
land-use,carroll,Carroll County,county,13045,Broader Metropolitan Statistical Area,2026-06-16,Planning & Zoning,high,agenda-action,ocr,,rezon,rezoning,"… o The applicant shall then be allowed a TOTAL of two minutes to speak in rebuttal. 5. Requests 5.I. Z-26-06-01: Rezoning request for 1.51 acres from Agriculture to Commercial for a special events facility at 30 Dot Rd. Parcel #018-0100, …","https://carrollcoga.api.civicclerk.com/v1/Meetings/GetMeetingFileStream(fileId=2930,plainText=false)"
land-use,bibb,Macon-Bibb County,consolidated,13021,Middle Georgia,2026-06-16,Board of Commissioners,high,unknown,ocr,,apartment; multifamily; subdivision,development,,"https://maconbibbcoga.api.civicclerk.com/v1/Meetings/GetMeetingFileStream(fileId=3599,plainText=false)"
land-use,bibb,Macon-Bibb County,consolidated,13021,Middle Georgia,2026-06-16,Board of Commissioners,high,unknown,ocr,,apartment; multifamily; subdivision,development,,"https://maconbibbcoga.api.civicclerk.com/v1/Meetings/GetMeetingFileStream(fileId=3600,plainText=false)"
land-use,baldwin,Baldwin County,county,13009,,2026-06-16,Board of Commissioners,high,agenda-action,ocr,,multi-family,development,… anager. 5. Harrisburg Road Moratorium Resolution R-2026-45 - a resolution to enact a moratorium on multi-family residential development in the area of Harrisburg Road - Interim County Manager. 6. Solid Waste Coll …,https://mccmeetings.blob.core.usgovcloudapi.net/baldwincga-pubu/MEET-Agenda-f5ac1a7e0b244f5fa4abfc600309eef5.pdf
land-use,pickens,Pickens County,county,13227,,2026-06-15,Board of Commissioners,high,unknown,ocr,,rezon,rezoning,,https://www.pickenscountyga.gov/AgendaCenter/ViewFile/Agenda/_06152026-186
land-use,covington,City of Covington,city,,Broader Metropolitan Statistical Area,2026-06-15,City Council,high,agenda-action,ocr,,rezon,rezoning,"… of approving plan. Council Member Davis voting opposed. ****** A public hearing held at 7:28 PM regarding rezoning request, PR26-0002, to rezone the property from M1 to M2 for the property located on Wheat Street, TMP# C081 0 …",https://cityofcovington.org/ckeditorfiles/files/2026_CityCouncil_0615_Minutes.pdf
land-use,chatham,Chatham County,county,13051,Coastal Georgia,2026-06-12,Board of Commissioners,high,agenda-action,ocr,,multi-family; rezon,development; rezoning,"… Environmental Overlay and Institutional-Professional Environmental Overlay to Planned Unit Development Multi-Family Environment Overlay. MPC File Number: Z-0426-000617, PINs: 10219 01004, 10219 01007, Th …",https://chathamcountyga.iqm2.com/Citizens/FileOpen.aspx?Type=14&ID=1735&Inline=True
land-use,fayette,Fayette County,county,13113,Atlanta Regional Commission,2026-06-11,Board of Commissioners,high,agenda-action,ocr,,comprehensive plan,comprehensive-plan,"… vert replacement, Justice Center buildout, Kenwood Road, Morning Creek Bridge, and the Crosstown Generator Project. Comprehensive Plan Analysis He also updated the Board on efforts to coordinate a comprehensive plan analysis with the City of Fayettevill …",https://www.fayettecountyga.gov/06-11-2026%20Action%20Agenda.pdf
land-use,barrow,Barrow County,county,13013,Broader Metropolitan Statistical Area,2026-06-11,Board of Appeals,high,unknown,granicus,,variance,variance,,https://barrowga.granicus.com/AgendaViewer.php?view_id=1&clip_id=1130
land-use,paulding,Paulding County,county,13223,Atlanta Regional Commission,2026-06-09,Board of Commissioners,high,agenda-action,ocr,,rezon; subdivision; variance,development; rezoning; variance,… ultural District) to R-1 (Rural Residential District) for the proposed development of a five (5) lot rural residential subdivision. Property is located in Land Lot 567; District 19; Section 3; north side of Proctor Road and west of Woodrow Kay Road. …,https://mccmeetings.blob.core.usgovcloudapi.net/pauldingga-pubu/MEET-Agenda-d5fe02f4dfb840ea8a925eabc7469a2e.pdf
land-use,forsyth,Forsyth County,county,13117,Atlanta Regional Commission,2026-06-09,Board of Commissioners,high,unknown,ocr,,conditional use,special-land-use,,"https://forsythcoga.api.civicclerk.com/v1/Meetings/GetMeetingFileStream(fileId=5154,plainText=false)"
land-use,dekalb,DeKalb County,county,13089,Atlanta Regional Commission,2026-06-09,Board of Commissioners,high,agenda-action,legistar,,warehouse,development,"… Department of Watershed Management (DWM) to obtain construction services for renovations and installations at Roadhaven Warehouse and painting at the Scott Candler Plant. Awarded to The Home Depot, Inc.: Total Amount Not To Exceed: $1,166,690.27. Re …",https://dekalbcountyga.legistar.com/MeetingDetail.aspx?LEGID=4478&GID=570&G=38B42E79-166F-4337-AE30-3665ECD50E7A
land-use,banks,Banks County,county,13011,,2026-06-09,Board of Commissioners,high,agenda-action,ocr,,conditional use,special-land-use,"… COMMISSIONER'S REPORT 7. PUBLIC HEARINGS: a. CU-26-13 An application has been submitted by Donald Hannant for a Conditional Use on the property identified as B67F 006, a 1.77-acre parcel located at 134 Walkers Way to operate a home o …",https://mccmeetings.blob.core.usgovcloudapi.net/banksctyga-pubu/MEET-Agenda-76478ac487be439790c9bb7964daf2c0.pdf
land-use,pickens,Pickens County,county,13227,,2026-06-08,Planning Commission,high,agenda-action,ocr,,rezon,rezoning,… LLEGIANCE II. READING AND APPROVAL OF PREVIOUS MINUTES III. OLD BUSINESS: IV. NEW BUSINESS: A. Rezones and Special Uses: RZ – 191144 -Lisa Quinton 740 Eagle Perch Rd & Redtail …,https://www.pickenscountyga.gov/AgendaCenter/ViewFile/Agenda/_06082026-184
land-use,muscogee,Columbus-Muscogee County,consolidated,13215,West Georgia,2026-06-08,Zoning Committee,high,agenda-action,legistar,,apartment; mixed-use; rezon; variance,development; rezoning; variance,"… e north side of Hard Road, 150± feet west of Stoneford Drive, From: L-RR, Limited Rural Residential District, To: AR-1, Apartment Residential District (Rezoning #Z25-044). Ordinance",https://columbus.legistar.com/MeetingDetail.aspx?LEGID=6188&GID=139&G=4F637594-17B0-4E92-8196-37F14328D337
land-use,muscogee,Columbus-Muscogee County,consolidated,13215,West Georgia,2026-06-08,Columbus City Council,high,agenda-action,legistar,,annexation; apartment; subdivision,annexation; development,"To authorize the Director of the Department of Development to enter into an Amendment to the Annexation Agreement between the City of Columbus, Plain Township, and the City of New Albany;; to adjust growth boundaries for sp …",https://columbus.legistar.com/MeetingDetail.aspx?LEGID=6190&GID=139&G=4F637594-17B0-4E92-8196-37F14328D337
land-use,butts,Butts County,county,13035,,2026-06-08,Board of Commissioners,high,unknown,ocr,,apartment; comprehensive plan; conditional use; future land use; land use plan; mixed use; rezon; subdivision; townhome; variance; warehouse,comprehensive-plan; development; rezoning; special-land-use; variance,,"https://buttsco.api.civicclerk.com/v1/Meetings/GetMeetingFileStream(fileId=1045,plainText=false)"
land-use,walton,Walton County,county,13297,Broader Metropolitan Statistical Area,2026-06-04,Planning Commission,high,agenda-action,ocr,,rezon,rezoning,"… 2. APPROVAL OF MINUTES 2.1. Additions/Deletions 3. OLD BUSINESS 4. NEW BUSINESS 4.1. Z26-0119 - Rezone 4.22 acres from A1 to A to grow and sell fruits, vegetables, eggs and cottage food items with customer c …",https://mccmeetings.blob.core.usgovcloudapi.net/waltonco-pubu/MEET-Agenda-fc83ae0ed7d04327a9452517060b6d77.pdf
land-use,morgan,Morgan County,county,13211,,2026-06-04,Planning Commission,high,agenda-action,ocr,,conditional use; variance,special-land-use; variance,… ing a text amendment to Article 22 of the Rutledge Zoning Ordinance regarding advertising times for conditional use applications. ADJOURNMENT I. The chairman will adjourn the meeting.,https://www.morgancountyga.gov/AgendaCenter/ViewFile/Agenda/_06042026-853
land-use,carroll,Carroll County,county,13045,Broader Metropolitan Statistical Area,2026-06-04,Board of Appeals,high,unknown,ocr,,variance,variance,,"https://carrollcoga.api.civicclerk.com/v1/Meetings/GetMeetingFileStream(fileId=2928,plainText=false)"
land-use,fulton,Fulton County,county,13121,Atlanta Regional Commission,2026-06-03,Board of Commissioners,high,agenda-action,legistar,,multifamily; subdivision,development,"Request approval of a Sewer Easement Dedication of 2,997 square feet to Fulton County, a political subdivision of the State of Georgia, from Roger Howrey, for the purpose of constructing the 540 Sweet Birch Lane Project at 540 Swe …",https://fulton.legistar.com/MeetingDetail.aspx?LEGID=6387&GID=817&G=197058BF-F352-4423-BE44-04DFABBD8188
land-use,bartow,Bartow County,county,13015,Broader Metropolitan Statistical Area,2026-06-03,Board of Commissioners,high,agenda-action,ocr,,conditional use; rezon; subdivision; townhome; variance,development; rezoning; special-land-use; variance,… ve Land Group requesting to rezone 55.05 acres located at 264 Euharlee Road from A-1 to R-1 for a 96-lot subdivision. This application was first presented to Commissioner Taylor on April 1st as an R-8 request to develop 1 …,https://www.bartowcountyga.gov/CommissionerOffice/MINUTES.PUBLIC_MEETING_6-3-2026.pdf
land-use,walton,Walton County,county,13297,Broader Metropolitan Statistical Area,2026-06-02,Board of Commissioners,high,unknown,ocr,,conditional use; rezon; variance,rezoning; special-land-use; variance,,https://mccmeetings.blob.core.usgovcloudapi.net/waltonco-pubu/MEET-Agenda-40dd6199322944db9f7808a94ab7963b.pdf
land-use,morgan,Morgan County,county,13211,,2026-06-02,Board of Commissioners,high,agenda-action,ocr,,annexation; annexed; comprehensive plan; conditional use; land use plan; mixed use; multifamily; rezon; subdivision; variance; warehouse,annexation; comprehensive-plan; development; rezoning; special-land-use; variance,… ption or denial of an amendment to a zoning ordinance by a municipal local government to zone property to be annexed into the municipality; E. The grant or denial of a permit relating to a special use of property; or F. Th …,https://www.morgancountyga.gov/AgendaCenter/ViewFile/Agenda/_06022026-854
land-use,dekalb,DeKalb County,county,13089,Atlanta Regional Commission,2026-06-02,Committee of the Whole,high,agenda-action,legistar,,warehouse,development,"… Department of Watershed Management (DWM) to obtain construction services for renovations and installations at Roadhaven Warehouse and painting at the Scott Candler Plant. Awarded to The Home Depot, Inc.: Total Amount Not To Exceed: $1,166,690.27. Re …",https://dekalbcountyga.legistar.com/MeetingDetail.aspx?LEGID=4476&GID=570&G=38B42E79-166F-4337-AE30-3665ECD50E7A
land-use,coweta,Coweta County,county,13077,,2026-06-02,Board of Commissioners,high,agenda-action,ocr,,conditional use; rezon; variance,rezoning; special-land-use; variance,"… Regarding Petition # REZ 25-08 Filed by P & L Acquisitions, LLC c/o Pope & Land Enterprises, Inc. Requesting to Rezone Property Located at 441 Poplar Road, Newnan - District 2 6. Public Hearing Regarding a Possible Revocation of a Con …","https://cowetacoga.api.civicclerk.com/v1/Meetings/GetMeetingFileStream(fileId=3467,plainText=false)"
land-use,columbia,Columbia County,county,13073,Central Savannah River Area,2026-06-02,Board of Commissioners,high,agenda-action,ocr,,conditional use; rezon; variance,rezoning; special-land-use; variance,"… Chairman Duncan a. Development and Planning Services Committee Commissioner Melear 1. (I1a1) RZ26-05-04, Rezoning from R-A (Residential Agricultural) & PUD (Planned Unit Development) to PRD (Planned Residential De …","https://columbiacoga.api.civicclerk.com/v1/Meetings/GetMeetingFileStream(fileId=13623,plainText=false)"
land-use,clayton,Clayton County,county,13063,Atlanta Regional Commission,2026-06-02,Board of Commissioners,high,unknown,ocr,,multi-family; subdivision,development,,https://claytoncountyga.primegov.com/Public/CompiledDocument?meetingTemplateId=5359&compileOutputType=1
land-use,carroll,Carroll County,county,13045,Broader Metropolitan Statistical Area,2026-06-02,Board of Commissioners,high,public-comment,ocr,,conditional use,special-land-use,,"https://carrollcoga.api.civicclerk.com/v1/Meetings/GetMeetingFileStream(fileId=2936,plainText=false)"
land-use,bibb,Macon-Bibb County,consolidated,13021,Middle Georgia,2026-06-02,Board of Commissioners,high,unknown,ocr,,conditional use; multi-family; multifamily; variance,development; special-land-use; variance,,"https://maconbibbcoga.api.civicclerk.com/v1/Meetings/GetMeetingFileStream(fileId=3550,plainText=false)"
land-use,bibb,Macon-Bibb County,consolidated,13021,Middle Georgia,2026-06-02,Board of Commissioners,high,unknown,ocr,,conditional use; multi-family; multifamily; variance,development; special-land-use; variance,,"https://maconbibbcoga.api.civicclerk.com/v1/Meetings/GetMeetingFileStream(fileId=3536,plainText=false)"
land-use,banks,Banks County,county,13011,,2026-06-02,Planning Commission,high,agenda-action,ocr,,conditional use; rezon,rezoning; special-land-use,… a. Class II - Mt. Sinai b. Class II - Apple Pie Ridge c. Class II - Rock Springs 5. APPLICATIONS TO REZONE a. CU-26-13 An application has been submitted by Donald Hannant for a Conditional Use on the property …,https://mccmeetings.blob.core.usgovcloudapi.net/banksctyga-pubu/MEET-Agenda-e9987880983b4dbda058826d52936187.pdf
land-use,muscogee,Columbus-Muscogee County,consolidated,13215,West Georgia,2026-06-01,Zoning Committee,high,agenda-action,legistar,,apartment; rezon; variance,development; rezoning; variance,"… District, RRR, Restricted Rural Residential District and PUD-6, Planned Unit Development District, To: L-AR-1, Limited Apartment Residential District (Rezoning #Z26-011). Ordinance",https://columbus.legistar.com/MeetingDetail.aspx?LEGID=6185&GID=139&G=4F637594-17B0-4E92-8196-37F14328D337
land-use,muscogee,Columbus-Muscogee County,consolidated,13215,West Georgia,2026-06-01,Columbus City Council,high,agenda-action,legistar,,annexation; apartment; mixed-use; rezon; variance,annexation; development; rezoning; variance,"To authorize the Director of the Department of Public Utilities to enter into an annexation agreement between the City of Columbus and the Board of Trustees of Berkshire Township, Delaware County, Ohio. ($0.00) …",https://columbus.legistar.com/MeetingDetail.aspx?LEGID=6187&GID=139&G=4F637594-17B0-4E92-8196-37F14328D337
land-use,bartow,Bartow County,county,13015,Broader Metropolitan Statistical Area,2026-06-01,Board of Commissioners,high,unknown,ocr,,variance,variance,,https://www.bartowcountyga.gov/CommissionerOffice/AGENDA.PUBLIC_MEETING_6-1-2026.pdf
land-use,fayette,Fayette County,county,13113,Atlanta Regional Commission,2026-05-28,Board of Commissioners,high,agenda-action,ocr,,comprehensive plan; conditional use; rezon,comprehensive-plan; rezoning; special-land-use,"… ution 2025-11 to adopt the Fayette County 2024 Annual Report on Fire Services Impact Fees (FY2024), including Comprehensive Plan amendments for updates to the Capital Improvements Element and Short- Term Work Program (FY2025-FY2029.). …",https://www.fayettecountyga.gov/Documents/Government/Board%20of%20Commissioners/Agendas%20And%20Minutes/2026/Agenda/05-28-2026%20Agenda.pdf
land-use,dekalb,DeKalb County,county,13089,Atlanta Regional Commission,2026-05-28,Board of Commissioners - Zoning Meeting,high,agenda-action,legistar,,land use permit; rezon; slup; special land use; subdivision,development; rezoning; special-land-use,"… r the development of single-family detached dwellings, to be developed as Phases 3 and 4 of the existing Champions Runs Subdivision, at 8277 Norris Lake Way. Ordinance",https://dekalbcountyga.legistar.com/MeetingDetail.aspx?LEGID=4538&GID=570&G=38B42E79-166F-4337-AE30-3665ECD50E7A
land-use,meriwether,Meriwether County,county,13199,,2026-05-26,Board of Commissioners,high,agenda-action,ocr,,rezon,rezoning,"… :00 p.m. Regular Meeting X. PUBLIC HEARING 1. Case #PC26-001 – Request from Chisel Mill Design & Build LLC to rezone parcel 028- 029, 36.81 acres (Ellis & Forrest Roads) from RR to R-1 for the proposed use from 2 acre lots …",https://www.meriwethercountyga.gov/AgendaCenter/ViewFile/Agenda/_05262026-645
land-use,henry,Henry County,county,13151,Atlanta Regional Commission,2026-05-26,Board of Commissioners,high,agenda-action,ocr,,subdivision,development,"… A. Resolution approving a request for a new streetlight district for Brighton (Phase 1) Subdivision on Locust Road. District 1 (Presenter: Kamryn Bowen, Planner I)(Exhibit 6) R …","https://henrycoga.api.civicclerk.com/v1/Meetings/GetMeetingFileStream(fileId=2529,plainText=false)"
land-use,banks,Banks County,county,13011,,2026-05-26,Board of Commissioners,high,unknown,ocr,,subdivision,development,,https://mccmeetings.blob.core.usgovcloudapi.net/banksctyga-pubu/MEET-Agenda-e897b794a83e4f6892f48a52e1d2b3bd.pdf
land-use,forsyth,Forsyth County,county,13117,Atlanta Regional Commission,2026-05-21,Board of Commissioners,high,unknown,ocr,,rezon; subdivision; variance,development; rezoning; variance,,"https://forsythcoga.api.civicclerk.com/v1/Meetings/GetMeetingFileStream(fileId=5113,plainText=false)"
land-use,coweta,Coweta County,county,13077,,2026-05-21,Board of Zoning Appeals,high,agenda-action,ocr,,variance,variance,"… # VAR 26-10 Filed by Andrew and Elizabeth Straessle, Represented by Mark Murphy Requesting a Front Yard Setback Variance for Property Located at 9 West Shore Trace, Newnan - District 3 3. Public Hearing Regarding Petition # VAR 2 …","https://cowetacoga.api.civicclerk.com/v1/Meetings/GetMeetingFileStream(fileId=3435,plainText=false)"
land-use,columbia,Columbia County,county,13073,Central Savannah River Area,2026-05-21,Planning Commission,high,unknown,ocr,,conditional use; rezon,rezoning; special-land-use,,"https://columbiacoga.api.civicclerk.com/v1/Meetings/GetMeetingFileStream(fileId=13574,plainText=false)"
land-use,carrollton,City of Carrollton,city,,West Georgia,2026-05-21,City Council,high,unknown,ocr,,annexation; rezon,annexation; rezoning,,https://drive.google.com/file/d/15emYFn_1PrIfriXMYiyRy2iuT0oyWsiS/view
land-use,barrow,Barrow County,county,13013,Broader Metropolitan Statistical Area,2026-05-21,Planning Commission,high,agenda-action,granicus,,rezon; townhome; variance,development; rezoning; variance,"… ndividual lot split. e) Consideration of a text amendment to the Destination 211 Overlay District guidelines to clarify townhome requirements of section 89-1522 (b). VI. Adjournment BOARD OF COMMISSIONERS MEETING WILL BE HELD ON JUNE 09, 2026 AT 6: …",https://barrowga.granicus.com/AgendaViewer.php?view_id=1&clip_id=1121
land-use,fulton,Fulton County,county,13121,Atlanta Regional Commission,2026-05-20,Board of Commissioners,high,agenda-action,legistar,,warehouse,development,"… of the Classification and Compensation plan by adding the new title of Records and Documents Coordinator, Fulton County Warehouse (grade 12), and changing the salary range for the existing title of Senior Records Administrator to grade 22. (APPROVED …",https://fulton.legistar.com/MeetingDetail.aspx?LEGID=6386&GID=817&G=197058BF-F352-4423-BE44-04DFABBD8188
land-use,walton,Walton County,county,13297,Broader Metropolitan Statistical Area,2026-05-19,Board of Appeals,high,agenda-action,ocr,,variance,variance,… 2. APPROVAL OF MINUTES 2.1. Additions/Deletions 3. OLD BUSINESS 4. NEW BUSINESS 4.1. V26-0099- Variance to reduce lot width on 10.17 acres to create 2 buildable 5 acre lots with Lot 2 being 100' and Lot 3 bein …,https://mccmeetings.blob.core.usgovcloudapi.net/waltonco-pubu/MEET-Agenda-f181a3856a664a85b893a338279bf01f.pdf
land-use,socialcircle,City of Social Circle,city,,Broader Metropolitan Statistical Area,2026-05-19,City Council,high,unknown,ocr,,annexation; comprehensive plan; future land use; rezon; subdivision; variance; warehouse,annexation; comprehensive-plan; development; rezoning; variance,,https://socialcirclecityga.iqm2.com/Citizens/FileOpen.aspx?Type=14&ID=2138&Inline=True
land-use,morgan,Morgan County,county,13211,,2026-05-19,Board of Commissioners,high,agenda-action,ocr,,annexation; annexed; comprehensive plan; conditional use; land use plan; multifamily; rezon; subdivision; variance,annexation; comprehensive-plan; development; rezoning; special-land-use; variance,… ption or denial of an amendment to a zoning ordinance by a municipal local government to zone property to be annexed into the municipality; E. The grant or denial of a permit relating to a special use of property; or F. Th …,https://www.morgancountyga.gov/AgendaCenter/ViewFile/Agenda/_05192026-851
land-use,coweta,Coweta County,county,13077,,2026-05-19,Board of Commissioners,high,unknown,ocr,,rezon; subdivision; variance,development; rezoning; variance,,"https://cowetacoga.api.civicclerk.com/v1/Meetings/GetMeetingFileStream(fileId=3427,plainText=false)"
land-use,columbia,Columbia County,county,13073,Central Savannah River Area,2026-05-19,Board of Commissioners,high,agenda-action,ocr,,conditional use; rezon; variance,rezoning; special-land-use; variance,"… cel 367, 0.24 +/- acres, and currently zoned R-2 (Single Family Residential). 3. (I1a3) RZ26-05-01, Rezoning from R-A (Residential Agricultural) to PRD (Planned Residential Development), 5703 Wrightsboro Road …","https://columbiacoga.api.civicclerk.com/v1/Meetings/GetMeetingFileStream(fileId=13582,plainText=false)"
land-use,clayton,Clayton County,county,13063,Atlanta Regional Commission,2026-05-19,Board of Commissioners,high,agenda-action,ocr,,conditional use; mixed use,development; special-land-use,"… . Said property, consisting of 0.34 acres, is in the Tara Blvd and Business Corridor Overlay Districts and MX (Mixed Use) Zoning District, further known as Tax Parcel No. 13178A C024, and located between Johnson Rd and Battl …",https://claytoncountyga.primegov.com/Public/CompiledDocument?meetingTemplateId=5351&compileOutputType=1
land-use,carroll,Carroll County,county,13045,Broader Metropolitan Statistical Area,2026-05-19,Planning & Zoning,high,unknown,ocr,,conditional use,special-land-use,,"https://carrollcoga.api.civicclerk.com/v1/Meetings/GetMeetingFileStream(fileId=2926,plainText=false)"
land-use,pickens,Pickens County,county,13227,,2026-05-18,Board of Commissioners,high,unknown,ocr,,rezon,rezoning,,https://www.pickenscountyga.gov/AgendaCenter/ViewFile/Agenda/_05182026-183
land-use,muscogee,Columbus-Muscogee County,consolidated,13215,West Georgia,2026-05-18,Zoning Committee,high,agenda-action,legistar,,apartment; rezon; variance,development; rezoning; variance,"… e north side of Hard Road, 150± feet west of Stoneford Drive, From: L-RR, Limited Rural Residential District, To: AR-1, Apartment Residential District (Rezoning #Z25-044). Ordinance",https://columbus.legistar.com/MeetingDetail.aspx?LEGID=6183&GID=139&G=4F637594-17B0-4E92-8196-37F14328D337
land-use,muscogee,Columbus-Muscogee County,consolidated,13215,West Georgia,2026-05-18,Columbus City Council,high,agenda-action,legistar,,annexation,annexation,To accept the application (AN25-028) of 1429 Properties LLC for the annexation of certain territory containing 0.2 ± acres in Franklin Township. ($0.00) Ordinance,https://columbus.legistar.com/MeetingDetail.aspx?LEGID=6184&GID=139&G=4F637594-17B0-4E92-8196-37F14328D337
land-use,covington,City of Covington,city,,Broader Metropolitan Statistical Area,2026-05-18,City Council,high,agenda-action,ocr,,mixed use; rezon,development; rezoning,"… at 6:48 PM. A Public Hearing was held at 6:50 PM regarding a rezoning request, PR26-0003 from CM (Corridor Mixed Use) to NM (Neighborhood Mixed Use) for property located on Eagle Drive, TMP# C083 004B, Owner: PDC Covington LLC c/o …",https://cityofcovington.org/ckeditorfiles/files/2026_CityCouncil_0518_Minutes.pdf
land-use,henry,Henry County,county,13151,Atlanta Regional Commission,2026-05-14,Zoning Advisory Board,high,unknown,ocr,,rezon; subdivision; variance,development; rezoning; variance,,"https://henrycoga.api.civicclerk.com/v1/Meetings/GetMeetingFileStream(fileId=2507,plainText=false)"
land-use,fayette,Fayette County,county,13113,Atlanta Regional Commission,2026-05-13,Board of Commissioners,high,unknown,ocr,,comprehensive plan; subdivision,comprehensive-plan; development,,https://www.fayettecountyga.gov/05-13-2026%20Retreat%20Minutes-tps.pdf
land-use,bartow,Bartow County,county,13015,Broader Metropolitan Statistical Area,2026-05-13,Board of Commissioners,high,unknown,ocr,,subdivision; variance,development; variance,,https://www.bartowcountyga.gov/CommissionerOffice/AGENDA.PUBLIC_MEETING_5-13-2026.pdf
land-use,socialcircle,City of Social Circle,city,,Broader Metropolitan Statistical Area,2026-05-12,Historic Preservation Commission,high,agenda-action,ocr,,mixed-use,development,… for New Business Signage. V. NEW BUSINESS 1. Letter of Support for MSC Grant Application 2. Mixed-Use Development at Annie P. Henderson and N. Cherokee Road 3. Landmark Property in Historic District 4. Prese …,https://socialcirclecityga.iqm2.com/Citizens/FileOpen.aspx?Type=14&ID=2140&Inline=True
land-use,forsyth,Forsyth County,county,13117,Atlanta Regional Commission,2026-05-12,Board of Commissioners,high,unknown,ocr,,rezon,rezoning,,"https://forsythcoga.api.civicclerk.com/v1/Meetings/GetMeetingFileStream(fileId=5101,plainText=false)"
land-use,banks,Banks County,county,13011,,2026-05-12,Board of Commissioners,high,unknown,ocr,,conditional use,special-land-use,,https://mccmeetings.blob.core.usgovcloudapi.net/banksctyga-pubu/MEET-Agenda-ac6f1d74a14f4f1aa194fca1f974eba9.pdf
land-use,pickens,Pickens County,county,13227,,2026-05-11,Planning Commission,high,agenda-action,ocr,,conditional use; rezon,rezoning; special-land-use,… LLEGIANCE II. READING AND APPROVAL OF PREVIOUS MINUTES III. OLD BUSINESS: IV. NEW BUSINESS: A. Rezones and Conditional Uses: RZ – 191138 – Jackey Cantrell 1369 Fairview Rd …,https://www.pickenscountyga.gov/AgendaCenter/ViewFile/Agenda/_05112026-181
land-use,muscogee,Columbus-Muscogee County,consolidated,13215,West Georgia,2026-05-11,Zoning Committee,high,agenda-action,legistar,,rezon; variance,rezoning; variance,REZONINGS/AMENDMENTS,https://columbus.legistar.com/MeetingDetail.aspx?LEGID=6180&GID=139&G=4F637594-17B0-4E92-8196-37F14328D337
land-use,muscogee,Columbus-Muscogee County,consolidated,13215,West Georgia,2026-05-11,Columbus City Council,high,agenda-action,legistar,,annexation; apartment; rezon; variance,annexation; development; rezoning; variance,To accept the application (AN25-021) of Dublin MHP LLC for the annexation of certain territory containing 4.46± acres in Washington Township. ($0.00) Ordinance,https://columbus.legistar.com/MeetingDetail.aspx?LEGID=6182&GID=139&G=4F637594-17B0-4E92-8196-37F14328D337
land-use,meriwether,Meriwether County,county,13199,,2026-05-11,Board of Commissioners,high,agenda-action,ocr,,rezon,rezoning,"… 6, Regular Meeting, 6:00 p.m. X. PUBLIC HEARING 1. Case# PC26-005 - Request from Joey Pendley aka 915, LLC to rezone Parcel 186-001-01, 36.43 acres, from A1 (Agricultural) to NHC (Neighborhood Commercial) for the proposed …",https://www.meriwethercountyga.gov/AgendaCenter/ViewFile/Agenda/_05112026-644
land-use,chatham,Chatham County,county,13051,Coastal Georgia,2026-05-08,Board of Commissioners,high,agenda-action,ocr,,subdivision,development,"… Request Board approval to execute resolution and restrictive covenant pertaining to lot 16 Green Island Subdivision, Green Island, Chatham County, Georgia. This action will place the restrictive covenant on lot 16 which …",https://chathamcountyga.iqm2.com/Citizens/FileOpen.aspx?Type=14&ID=1736&Inline=True
land-use,walton,Walton County,county,13297,Broader Metropolitan Statistical Area,2026-05-07,Planning Commission,high,agenda-action,ocr,,conditional use; rezon; variance,rezoning; special-land-use; variance,… . NEW BUSINESS 4.1. LU26-0083 & Z26-0081 - Land Use Change from Highway Corridor to Suburban and Rezone 2.10 acres from R1 to A1 to have personal outside animals - Applicant/Owner: Isidro Miranda Gonzalez - p …,https://mccmeetings.blob.core.usgovcloudapi.net/waltonco-pubu/MEET-Agenda-0b1c76abd308478c9e9d3154ad73a631.pdf
land-use,morgan,Morgan County,county,13211,,2026-05-07,Planning Commission,high,agenda-action,ocr,,conditional use; variance,special-land-use; variance,… evelopment is requesting a text amendment to the Morgan County Zoning Ordinance related to advertisements for conditional use procedures. ADJOURNMENT I. The chairman will adjourn the meeting.,https://www.morgancountyga.gov/AgendaCenter/ViewFile/Agenda/_05072026-848
land-use,forsyth,Forsyth County,county,13117,Atlanta Regional Commission,2026-05-07,Board of Commissioners,high,unknown,ocr,,apartment; rezon; variance,development; rezoning; variance,,"https://forsythcoga.api.civicclerk.com/v1/Meetings/GetMeetingFileStream(fileId=5092,plainText=false)"
land-use,columbia,Columbia County,county,13073,Central Savannah River Area,2026-05-07,Planning Commission,high,unknown,ocr,,conditional use; rezon; variance,rezoning; special-land-use; variance,,"https://columbiacoga.api.civicclerk.com/v1/Meetings/GetMeetingFileStream(fileId=13540,plainText=false)"
land-use,carroll,Carroll County,county,13045,Broader Metropolitan Statistical Area,2026-05-07,Board of Appeals,high,unknown,ocr,,variance,variance,,"https://carrollcoga.api.civicclerk.com/v1/Meetings/GetMeetingFileStream(fileId=2922,plainText=false)"
land-use,fulton,Fulton County,county,13121,Atlanta Regional Commission,2026-05-06,Board of Commissioners,high,agenda-action,legistar,,multifamily; subdivision,development,"Request approval of a Resolution approving a Monthly Parking Agreement between Fulton County, Georgia, a political subdivision of the state of Georgia, and Legacy Parking Company, to provide parking for Superior Court Administration, the Clerk of …",https://fulton.legistar.com/MeetingDetail.aspx?LEGID=6384&GID=817&G=197058BF-F352-4423-BE44-04DFABBD8188
land-use,walton,Walton County,county,13297,Broader Metropolitan Statistical Area,2026-05-05,Board of Commissioners,high,unknown,ocr,,annexation; rezon; variance,annexation; rezoning; variance,,https://mccmeetings.blob.core.usgovcloudapi.net/waltonco-pubu/MEET-Agenda-135a2d7305b4463aad259f5978df8d75.pdf
land-use,morgan,Morgan County,county,13211,,2026-05-05,Board of Commissioners,high,unknown,ocr,,comprehensive plan; conditional use; mixed use; mixed-use; rezon; subdivision; variance,comprehensive-plan; development; rezoning; special-land-use; variance,,https://www.morgancountyga.gov/AgendaCenter/ViewFile/Agenda/_05052026-850
land-use,dekalb,DeKalb County,county,13089,Atlanta Regional Commission,2026-05-05,Planning Commission,high,agenda-action,legistar,,land use permit; rezon; slup; special land use; subdivision,development; rezoning; special-land-use,"… r the development of single-family detached dwellings, to be developed as Phases 3 and 4 of the existing Champions Runs Subdivision, at 8277 Norris Lake Way. Ordinance",https://dekalbcountyga.legistar.com/MeetingDetail.aspx?LEGID=4531&GID=570&G=38B42E79-166F-4337-AE30-3665ECD50E7A
land-use,coweta,Coweta County,county,13077,,2026-05-05,Board of Commissioners,high,unknown,ocr,,comprehensive plan,comprehensive-plan,,"https://cowetacoga.api.civicclerk.com/v1/Meetings/GetMeetingFileStream(fileId=3346,plainText=false)"
land-use,columbia,Columbia County,county,13073,Central Savannah River Area,2026-05-05,Board of Commissioners,high,public-comment,ocr,,townhome; variance,development; variance,,"https://columbiacoga.api.civicclerk.com/v1/Meetings/GetMeetingFileStream(fileId=13547,plainText=false)"
land-use,carroll,Carroll County,county,13045,Broader Metropolitan Statistical Area,2026-05-05,Board of Commissioners,high,agenda-action,ocr,,annexation; conditional use; rezon,annexation; rezoning; special-land-use,… Sheriff's Office of Emergency Management 11. BUSINESS SESSION 11.I. Request for Annexation into the City of Mount Zion Consideration of Notice of Proposed Annexation of Parcel #037 0108 located …,"https://carrollcoga.api.civicclerk.com/v1/Meetings/GetMeetingFileStream(fileId=2919,plainText=false)"
land-use,bibb,Macon-Bibb County,consolidated,13021,Middle Georgia,2026-05-05,Board of Commissioners,high,unknown,ocr,,mixed use; mixed-use; multi-family; subdivision,development,,"https://maconbibbcoga.api.civicclerk.com/v1/Meetings/GetMeetingFileStream(fileId=3488,plainText=false)"
land-use,bibb,Macon-Bibb County,consolidated,13021,Middle Georgia,2026-05-05,Board of Commissioners,high,unknown,ocr,,mixed use; mixed-use; multi-family; subdivision,development,,"https://maconbibbcoga.api.civicclerk.com/v1/Meetings/GetMeetingFileStream(fileId=3484,plainText=false)"
land-use,carrollton,City of Carrollton,city,,West Georgia,2026-05-04,City Council,high,public-comment,ocr,,rezon,rezoning,,https://drive.google.com/file/d/13IDyIbNqs7YCKBn_qHiepw_s-E5Y_DSU/view
land-use,forsyth,Forsyth County,county,13117,Atlanta Regional Commission,2026-04-28,Board of Commissioners,high,unknown,ocr,,rezon,rezoning,,"https://forsythcoga.api.civicclerk.com/v1/Meetings/GetMeetingFileStream(fileId=5049,plainText=false)"
land-use,muscogee,Columbus-Muscogee County,consolidated,13215,West Georgia,2026-04-27,Zoning Committee,high,agenda-action,legistar,,apartment; rezon; variance,development; rezoning; variance,"… e north side of Hard Road, 150± feet west of Stoneford Drive, From: L-RR, Limited Rural Residential District, To: AR-1, Apartment Residential District (Rezoning #Z25-044). Ordinance",https://columbus.legistar.com/MeetingDetail.aspx?LEGID=6177&GID=139&G=4F637594-17B0-4E92-8196-37F14328D337
land-use,muscogee,Columbus-Muscogee County,consolidated,13215,West Georgia,2026-04-27,Columbus City Council,high,agenda-action,legistar,,annexation,annexation,To accept the application (AN25-021) of Dublin MHP LLC for the annexation of certain territory containing 4.46± acres in Washington Township. ($0.00) Ordinance,https://columbus.legistar.com/MeetingDetail.aspx?LEGID=6179&GID=139&G=4F637594-17B0-4E92-8196-37F14328D337
land-use,butts,Butts County,county,13035,,2026-04-27,Board of Commissioners,high,unknown,ocr,,subdivision,development,,"https://buttsco.api.civicclerk.com/v1/Meetings/GetMeetingFileStream(fileId=1042,plainText=false)"
land-use,coweta,Coweta County,county,13077,,2026-04-23,Board of Zoning Appeals,high,agenda-action,ocr,,variance,variance,"… 26, 2026 Petitions 2. Public Hearing Regarding Petition # VAR 26-002 Filed by Virginia Singh Requesting a Buffer Variance for Property Located at the Southwest Corner of SR 34 West and Bruce Jackson Road, Newnan - District 2 …","https://cowetacoga.api.civicclerk.com/v1/Meetings/GetMeetingFileStream(fileId=3321,plainText=false)"
land-use,carrollton,City of Carrollton,city,,West Georgia,2026-04-22,City Council,high,unknown,ocr,,rezon,rezoning,,https://drive.google.com/file/d/1xk5P1vVjmJ8BpENCQkspZjsx14frjFcq/view
land-use,walton,Walton County,county,13297,Broader Metropolitan Statistical Area,2026-04-21,Board of Appeals,high,agenda-action,ocr,,variance,variance,… 2. APPROVAL OF MINUTES 2.1. Additions/Deletions 3. OLD BUSINESS 4. NEW BUSINESS 4.1. V26-0076-Variance to reduce lot width on 4.79 acres to create 2 buildable lots with Lot 1 being 2.00 acres 200' of lot widt …,https://mccmeetings.blob.core.usgovcloudapi.net/waltonco-pubu/MEET-Agenda-a9d7a1b8c277404e9da6a1b15d0d5f5f.pdf
land-use,morgan,Morgan County,county,13211,,2026-04-21,Board of Commissioners,high,public-comment,ocr,,comprehensive plan; conditional use; subdivision; variance,comprehensive-plan; development; special-land-use; variance,,https://www.morgancountyga.gov/AgendaCenter/ViewFile/Agenda/_04212026-847
land-use,fayette,Fayette County,county,13113,Atlanta Regional Commission,2026-04-21,Board of Commissioners,high,agenda-action,ocr,,conditional use; rezon,rezoning; special-land-use,"… Cleveland, Owner; Ace Group Holdings Corp., Applicant; Rick Lindsey, Atty., Agent. Applicant is requesting to rezone Parcel No. 0704 002 (10.62 acres) from M-H-P (Manufactured Home Park) to O-I (Office-Institutional); propert …",https://www.fayettecountyga.gov/Documents/Government/Board%20of%20Commissioners/04-21-2026%20Action%20Agenda.pdf
land-use,coweta,Coweta County,county,13077,,2026-04-21,Board of Commissioners,high,unknown,ocr,,conditional use; subdivision,development; special-land-use,,"https://cowetacoga.api.civicclerk.com/v1/Meetings/GetMeetingFileStream(fileId=3326,plainText=false)"
land-use,chatham,Chatham County,county,13051,Coastal Georgia,2026-04-21,Board of Commissioners,high,unknown,ocr,,subdivision,development,,https://chathamcountyga.iqm2.com/Citizens/FileOpen.aspx?Type=14&ID=1730&Inline=True
land-use,carroll,Carroll County,county,13045,Broader Metropolitan Statistical Area,2026-04-21,Planning & Zoning,high,agenda-action,ocr,,conditional use; rezon,rezoning; special-land-use,… licant shall then be allowed a TOTAL of two minutes to speak in rebuttal. 5. Requests 5.I. Z-26-04-01 and C-26-04-01: Rezoning request with a Conditional Use to rezone 1 acre from Agriculture to Industrial for bulk storage of propane at 2904 …,"https://carrollcoga.api.civicclerk.com/v1/Meetings/GetMeetingFileStream(fileId=2879,plainText=false)"
land-use,bibb,Macon-Bibb County,consolidated,13021,Middle Georgia,2026-04-21,Board of Commissioners,high,unknown,ocr,,apartment; subdivision,development,,"https://maconbibbcoga.api.civicclerk.com/v1/Meetings/GetMeetingFileStream(fileId=3470,plainText=false)"
land-use,pickens,Pickens County,county,13227,,2026-04-20,Board of Commissioners,high,unknown,ocr,,rezon,rezoning,,https://www.pickenscountyga.gov/AgendaCenter/ViewFile/Agenda/_04202026-179
land-use,covington,City of Covington,city,,Broader Metropolitan Statistical Area,2026-04-20,City Council,high,agenda-action,ocr,,mixed-use; rezon,development; rezoning,"… property located on Eagle Drive, Tax Map & Parcel # C083 004B, from the current zoning district of CM (Corridor Mixed-Use District) to NM (Neighborhood Mixed-Use District). Motion carried unanimously. Council Memb …",https://cityofcovington.org/ckeditorfiles/files/2026_CityCouncil_0420_Minutes.pdf
land-use,fulton,Fulton County,county,13121,Atlanta Regional Commission,2026-04-15,Board of Commissioners,high,agenda-action,legistar,,apartment; multifamily; subdivision,development,"Request approval of a Water Easement Dedication of 226,350 square feet to Fulton County, a political subdivision of the State of Georgia, from Blakely Manor Development LLC, for the purpose of constructing the Blakely Manor S/D Proj …",https://fulton.legistar.com/MeetingDetail.aspx?LEGID=6382&GID=817&G=197058BF-F352-4423-BE44-04DFABBD8188
land-use,paulding,Paulding County,county,13223,Atlanta Regional Commission,2026-04-14,Board of Commissioners,high,agenda-action,ocr,,rezon,rezoning,… located in Post 4. 22. Discuss action to intitate an application to amend the official zoning map to rezone approximately 122 acres from R-2 to AML (Advances Manufacturing Logistics). AML zoning …,https://mccmeetings.blob.core.usgovcloudapi.net/pauldingga-pubu/MEET-Agenda-8b49cef7e2f04e02b6a068772d978ecb.pdf
land-use,paulding,Paulding County,county,13223,Atlanta Regional Commission,2026-04-14,Board of Commissioners,high,agenda-action,ocr,,rezon; variance,rezoning; variance,… _____ Abstain: ________________ 22. Action to initiate an application to amend the official zoning map to rezone approximately plus/minus 160.57 acres from R-2 to AML (Advances Manufacturing Logistics). AML zoning …,https://mccmeetings.blob.core.usgovcloudapi.net/pauldingga-pubu/MEET-Agenda-17453c2f44b641d6b8cdab849b6021a9.pdf
land-use,henry,Henry County,county,13151,Atlanta Regional Commission,2026-04-14,Board of Commissioners,high,agenda-action,ocr,,annexation; comprehensive plan; future land use; multifamily; rezon; subdivision,annexation; comprehensive-plan; development; rezoning,"… NSENT TO REGULAR AGENDA) AX-26-02 (Not a Public Hearing) The City of McDonough has received a request for annexation of properties at 820 and 964 Racetrack Road, consisting of 79.04 +/- acres in Land Lot 169 of the 7th District. …","https://henrycoga.api.civicclerk.com/v1/Meetings/GetMeetingFileStream(fileId=2489,plainText=false)"
land-use,carroll,Carroll County,county,13045,Broader Metropolitan Statistical Area,2026-04-14,Board of Commissioners,high,public-comment,ocr,,rezon,rezoning,,"https://carrollcoga.api.civicclerk.com/v1/Meetings/GetMeetingFileStream(fileId=2895,plainText=false)"
land-use,banks,Banks County,county,13011,,2026-04-14,Board of Commissioners,high,agenda-action,ocr,,conditional use; rezon,rezoning; special-land-use,"… lit Dr. for an outdoor storage yard. d. Z-26-04 An application has been submitted by Terry Rylee to Rezone the property identified as B19 005, a 1.5-acre parcel located at 899 Henderson from C2- General Commercial …",https://mccmeetings.blob.core.usgovcloudapi.net/banksctyga-pubu/MEET-Agenda-8545fdb0f2f148f9947cd3d69fe38970.pdf
land-use,pickens,Pickens County,county,13227,,2026-04-13,Planning Commission,high,agenda-action,ocr,,conditional use; rezon,rezoning; special-land-use,… READING AND APPROVAL OF PREVIOUS MINUTES III. OLD BUSINESS: IV. NEW BUSINESS: A. Rezones and Conditional Uses: RZ – 191131 Bill Roland 315 Liberty Lane …,https://www.pickenscountyga.gov/AgendaCenter/ViewFile/Agenda/_04132026-178
land-use,butts,Butts County,county,13035,,2026-04-13,Board of Commissioners,high,unknown,ocr,,mixed use; multi-family; rezon; subdivision,development; rezoning,,"https://buttsco.api.civicclerk.com/v1/Meetings/GetMeetingFileStream(fileId=1041,plainText=false)"
land-use,fayette,Fayette County,county,13113,Atlanta Regional Commission,2026-04-09,Board of Commissioners,high,agenda-action,ocr,,conditional use; future land use; land use plan; rezon; subdivision,comprehensive-plan; development; rezoning; special-land-use,"… solve all nonconformities. The subject property lies within an area designated for Low Density Residential uses on the Future Land Use Plan map. This request conforms to the Fayette County Future Land Use Plan, in that the proposed zoning is a less inte …",https://www.fayettecountyga.gov/Documents/Government/Board%20of%20Commissioners/Agendas%20And%20Minutes/2026/04-09-2026%20BOC%20Agenda.pdf
land-use,carroll,Carroll County,county,13045,Broader Metropolitan Statistical Area,2026-04-09,Board of Appeals,high,unknown,ocr,,variance,variance,,"https://carrollcoga.api.civicclerk.com/v1/Meetings/GetMeetingFileStream(fileId=2873,plainText=false)"
land-use,morgan,Morgan County,county,13211,,2026-04-07,Board of Commissioners,high,unknown,ocr,,comprehensive plan; conditional use; subdivision; variance,comprehensive-plan; development; special-land-use; variance,,https://www.morgancountyga.gov/AgendaCenter/ViewFile/Agenda/_04072026-846
land-use,coweta,Coweta County,county,13077,,2026-04-07,Board of Commissioners,high,unknown,ocr,,rezon; subdivision,development; rezoning,,"https://cowetacoga.api.civicclerk.com/v1/Meetings/GetMeetingFileStream(fileId=3282,plainText=false)"
land-use,walton,Walton County,county,13297,Broader Metropolitan Statistical Area,2026-04-02,Planning Commission,high,agenda-action,ocr,,rezon; variance,rezoning; variance,… egiance 2. APPROVAL OF MINUTES 2.1. Additions/Deletions 3. OLD BUSINESS 4. NEW BUSINESS 4.1. Rezone 1.808 acres from A1 to A2 to create a buildable lot - Applicant: Dorin Cret/Owner: Dimitrie Illisei - pr …,https://mccmeetings.blob.core.usgovcloudapi.net/waltonco-pubu/MEET-Agenda-6c3a2b9c5d414f4ead49a6bd58f89d60.pdf
land-use,socialcircle,City of Social Circle,city,,Broader Metropolitan Statistical Area,2026-04-02,City Council,high,unknown,ocr,,future land use; rezon,comprehensive-plan; rezoning,,https://socialcirclecityga.iqm2.com/Citizens/FileOpen.aspx?Type=14&ID=2131&Inline=True
land-use,fayette,Fayette County,county,13113,Atlanta Regional Commission,2026-03-26,Board of Commissioners,high,unknown,ocr,,annexed; comprehensive plan; conditional use; future land use; land use plan; multifamily; rezon; subdivision; variance,annexation; comprehensive-plan; development; rezoning; special-land-use; variance,,https://www.fayettecountyga.gov/Documents/Government/Board%20of%20Commissioners/Agendas%20And%20Minutes/2026/Agenda/03-26-2026%20BOC%20Agenda.pdf
land-use,meriwether,Meriwether County,county,13199,,2026-03-23,Board of Commissioners,high,agenda-action,ocr,,annexation,annexation,… PLEDGE TO THE FLAG IV. ADOPT AGENDA V. NEW BUSINESS 1. Discussion of the City of Greenville's Proposed Annexation of Property for Residential Development VI. EXECUTIVE SESSION 1. Litigation 2. Personnel 3. Rea …,https://www.meriwethercountyga.gov/AgendaCenter/ViewFile/Agenda/_03232026-637
land-use,butts,Butts County,county,13035,,2026-03-23,Board of Commissioners,high,unknown,ocr,,subdivision,development,,"https://buttsco.api.civicclerk.com/v1/Meetings/GetMeetingFileStream(fileId=1038,plainText=false)"
land-use,carrollton,City of Carrollton,city,,West Georgia,2026-03-19,City Council,high,unknown,ocr,,multifamily; rezon,development; rezoning,,https://drive.google.com/file/d/1NpCChLi0lVwVcartOVueIC2EArXFZMDc/view
land-use,fulton,Fulton County,county,13121,Atlanta Regional Commission,2026-03-18,Board of Commissioners,high,agenda-action,legistar,,subdivision,development,"… val of Sanitary Sewer System Ownership, Operation, Maintenance, and Repair Agreement between Fulton County, a political subdivision of the State of Georgia, and Arkan Homes, LLC, for the purpose of granting Fulton County legal access to extend and mai …",https://fulton.legistar.com/MeetingDetail.aspx?LEGID=6380&GID=817&G=197058BF-F352-4423-BE44-04DFABBD8188
land-use,bibb,Macon-Bibb County,consolidated,13021,Middle Georgia,2026-03-18,Board of Commissioners,high,unknown,ocr,,apartment; subdivision; variance,development; variance,,"https://maconbibbcoga.api.civicclerk.com/v1/Meetings/GetMeetingFileStream(fileId=3430,plainText=false)"
land-use,bibb,Macon-Bibb County,consolidated,13021,Middle Georgia,2026-03-18,Board of Commissioners,high,unknown,ocr,,apartment; subdivision; variance,development; variance,,"https://maconbibbcoga.api.civicclerk.com/v1/Meetings/GetMeetingFileStream(fileId=3428,plainText=false)"
land-use,henry,Henry County,county,13151,Atlanta Regional Commission,2026-03-17,Board of Commissioners,high,agenda-action,ocr,,comprehensive plan; rezon; subdivision,comprehensive-plan; development; rezoning,… Ordinance 26-01 B. COMP-AM-26-01 (Public Hearing) Resolution to amend the Henry County Comprehensive Plan to modify text and policy language to ensure consistency with the adopted 2026 Unified Land D …,"https://henrycoga.api.civicclerk.com/v1/Meetings/GetMeetingFileStream(fileId=2463,plainText=false)"
land-use,coweta,Coweta County,county,13077,,2026-03-17,Board of Commissioners,high,agenda-action,ocr,,comprehensive plan; conditional use,comprehensive-plan; special-land-use,"… for Property Located at 1071 Boone Road, Newnan - District 2 6. Second Public Hearing Regarding the Coweta County Comprehensive Plan Update Regular Session Public Comments Regarding Items On the Agenda - This is also time for anyone that wishes …","https://cowetacoga.api.civicclerk.com/v1/Meetings/GetMeetingFileStream(fileId=3252,plainText=false)"
land-use,pickens,Pickens County,county,13227,,2026-03-16,Board of Commissioners,high,unknown,ocr,,rezon; subdivision,development; rezoning,,https://www.pickenscountyga.gov/AgendaCenter/ViewFile/Agenda/_03162026-177
land-use,covington,City of Covington,city,,Broader Metropolitan Statistical Area,2026-03-16,City Council,high,unknown,ocr,,future land use; mixed-use; rezon,comprehensive-plan; development; rezoning,,https://cityofcovington.org/ckeditorfiles/files/2026_CityCouncil_0316_Minutes.pdf
land-use,chatham,Chatham County,county,13051,Coastal Georgia,2026-03-13,Board of Commissioners,high,unknown,ocr,,rezon,rezoning,,https://chathamcountyga.iqm2.com/Citizens/FileOpen.aspx?Type=14&ID=1732&Inline=True
land-use,henry,Henry County,county,13151,Atlanta Regional Commission,2026-03-12,Zoning Advisory Board,high,unknown,ocr,,comprehensive plan; conditional use; future land use; multifamily; rezon; townhome; variance,comprehensive-plan; development; rezoning; special-land-use; variance,,"https://henrycoga.api.civicclerk.com/v1/Meetings/GetMeetingFileStream(fileId=2435,plainText=false)"
land-use,fayette,Fayette County,county,13113,Atlanta Regional Commission,2026-03-12,Board of Commissioners,high,agenda-action,ocr,,comprehensive plan; conditional use; future land use; land use plan; rezon; subdivision,comprehensive-plan; development; rezoning; special-land-use,… e request to rezone to the A-R zoning district was appropriate and was consistent with the Future Land Use Map and the Comprehensive Plan. Ms. Bell stated that both staff and the Planning Commission recommended approval of the request to rezone to A-R. …,https://www.fayettecountyga.gov/Documents/Government/Board%20of%20Commissioners/Agendas%20And%20Minutes/2026/Agenda/03-12-2026%20BOC%20Agenda.pdf
land-use,pickens,Pickens County,county,13227,,2026-03-09,Planning Commission,high,agenda-action,ocr,,conditional use; rezon,rezoning; special-land-use,… LLEGIANCE II. READING AND APPROVAL OF PREVIOUS MINUTES III. OLD BUSINESS: IV. NEW BUSINESS: A. Rezones and Conditional Uses: RZ – 191110 - Jordan Deeney on behalf of Sean Catlett …,https://www.pickenscountyga.gov/AgendaCenter/ViewFile/Agenda/_03092026-176
land-use,fulton,Fulton County,county,13121,Atlanta Regional Commission,2026-03-04,Board of Commissioners,high,agenda-action,legistar,,multifamily,development,"… Solutions by approving a grant from funds previously set aside to aid in the construction of a 70-unit new construction multifamily development in Vine City that includes 63 affordable units and 7 market rate units, and for other purposes. (Barrett/Ab …",https://fulton.legistar.com/MeetingDetail.aspx?LEGID=6379&GID=817&G=197058BF-F352-4423-BE44-04DFABBD8188
land-use,carrollton,City of Carrollton,city,,West Georgia,2026-03-02,City Council,high,public-comment,ocr,,rezon,rezoning,,https://drive.google.com/file/d/1t0NOX_4wLp88WQ9pLjquxlZiITECzRPY/view
land-use,chatham,Chatham County,county,13051,Coastal Georgia,2026-02-27,Board of Commissioners,high,agenda-action,ocr,,rezon,rezoning,"… D READINGS The petitioner, Police Recreation Association of Savannah Inc, is proposing to Rezone/Map Amendment to allow continuation of the existing Residential Duplex and Club/Lodge uses, while imple …",https://chathamcountyga.iqm2.com/Citizens/FileOpen.aspx?Type=14&ID=1733&Inline=True
land-use,fayette,Fayette County,county,13113,Atlanta Regional Commission,2026-02-26,Board of Commissioners,high,agenda-action,ocr,,annexation; comprehensive plan; conditional use; future land use; land use plan; mixed use; rezon; subdivision; variance,annexation; comprehensive-plan; development; rezoning; special-land-use; variance,"… e January 22, 2026, Board of Commissioners Meeting Minutes. OLD BUSINESS: NEW BUSINESS: 4. Consideration of an Annexation Notification from the Town of Tyrone regarding a request to annex one (1) parcel, Parcel No. 0739 023, a total of …",https://www.fayettecountyga.gov/Documents/Government/Board%20of%20Commissioners/Agendas%20And%20Minutes/2026/Agenda/02-26-2026%20BOC%20Agenda.pdf
land-use,butts,Butts County,county,13035,,2026-02-23,Board of Commissioners,high,unknown,ocr,,subdivision; warehouse,development,,"https://buttsco.api.civicclerk.com/v1/Meetings/GetMeetingFileStream(fileId=38,plainText=false)"
land-use,carrollton,City of Carrollton,city,,West Georgia,2026-02-19,City Council,high,unknown,ocr,,rezon,rezoning,,https://drive.google.com/file/d/1J2n2AgJlAlpf8q7TUPSsTfhellhsVepI/view
land-use,fulton,Fulton County,county,13121,Atlanta Regional Commission,2026-02-18,Board of Commissioners,high,agenda-action,legistar,,multifamily; subdivision,development,"Request approval of a Water Easement Dedication of 11,674.08 square feet to Fulton County, a political subdivision of the State of Georgia, from Arkan Bethany, LLC, for the purpose of constructing the Elara at Bethany Project at 3475- …",https://fulton.legistar.com/MeetingDetail.aspx?LEGID=6378&GID=817&G=197058BF-F352-4423-BE44-04DFABBD8188
land-use,socialcircle,City of Social Circle,city,,Broader Metropolitan Statistical Area,2026-02-17,City Council,high,agenda-action,ocr,,rezon; variance,rezoning; variance,… VI. COUNCIL REQUESTS VII. AGENDA APPROVAL VIII. PUBLIC HEARINGS 1. REZ-2026-001 - Request to Rezone from Residential Medium Density (RMD) to Residential-15 (R-15) to Satisfy Administrative Plat Requirement …,https://socialcirclecityga.iqm2.com/Citizens/FileOpen.aspx?Type=14&ID=2124&Inline=True
land-use,fayette,Fayette County,county,13113,Atlanta Regional Commission,2026-02-12,Board of Commissioners,high,agenda-action,ocr,,annexation; annexed; comprehensive plan; conditional use; future land use; land use plan; rezon; subdivision; variance,annexation; comprehensive-plan; development; rezoning; special-land-use; variance,"… 26, Board of Commissioners Meeting Minutes. (pages 21-31) OLD BUSINESS: NEW BUSINESS: 4. Consideration of an Annexation Notification from the Town of Tyrone regarding a request to annex one (1) parcel, Parcel No. 0739 023, a tota …",https://www.fayettecountyga.gov/Documents/Government/Board%20of%20Commissioners/Agendas%20And%20Minutes/2026/Agenda/02-12-2026%20BOC%20Agenda.pdf
land-use,pickens,Pickens County,county,13227,,2026-02-09,Planning Commission,high,agenda-action,ocr,,conditional use; rezon; subdivision,development; rezoning; special-land-use,… Parcel # 055D 107 SU- 191103 LANDRoCo dba R4 Investments Major Subdivision 145.988-acres Parcel # 055D 107 RZ-19110 …,https://www.pickenscountyga.gov/AgendaCenter/ViewFile/Agenda/_02092026-174
land-use,bibb,Macon-Bibb County,consolidated,13021,Middle Georgia,2026-02-03,Board of Commissioners,high,unknown,ocr,,variance,variance,,"https://maconbibbcoga.api.civicclerk.com/v1/Meetings/GetMeetingFileStream(fileId=3381,plainText=false)"
land-use,bibb,Macon-Bibb County,consolidated,13021,Middle Georgia,2026-02-03,Board of Commissioners,high,unknown,ocr,,variance,variance,,"https://maconbibbcoga.api.civicclerk.com/v1/Meetings/GetMeetingFileStream(fileId=3379,plainText=false)"
land-use,carrollton,City of Carrollton,city,,West Georgia,2026-02-02,City Council,high,public-comment,ocr,,mixed use; rezon,development; rezoning,,https://drive.google.com/file/d/1ULD3YaLUZdUK0gnia10DMOCWU5XzwZKJ/view
land-use,socialcircle,City of Social Circle,city,,Broader Metropolitan Statistical Area,2026-01-27,Planning Commission,high,agenda-action,ocr,,rezon; variance,rezoning; variance,"… anning Commission Regular Meeting December 18, 2025 6:00 PM IV. PUBLIC HEARINGS a. REZ-2026-001 - Request to Rezone from Residential Medium Density (RMD) to Residential-15 (R-15) to Satisfy Administrative Plat Requirements a …",https://socialcirclecityga.iqm2.com/Citizens/FileOpen.aspx?Type=14&ID=2112&Inline=True
land-use,fayette,Fayette County,county,13113,Atlanta Regional Commission,2026-01-22,Board of Commissioners,high,agenda-action,ocr,,annexation; comprehensive plan; conditional use; future land use; land use plan; rezon; subdivision; variance,annexation; comprehensive-plan; development; rezoning; special-land-use; variance,"… oard of Commissioners Meeting Minutes. (pages 618-625) OLD BUSINESS: NEW BUSINESS: 27. Consideration of an Annexation Notification from the City of Fayetteville regarding a request to annex three (3) parcels, Parcels #0545 025; …",https://www.fayettecountyga.gov/Documents/Government/Board%20of%20Commissioners/Agendas%20And%20Minutes/2026/Agenda/01-22-2026%20BOC%20Agenda%20(section%201).pdf
land-use,carrollton,City of Carrollton,city,,West Georgia,2026-01-22,City Council,high,unknown,ocr,,mixed use; rezon,development; rezoning,,https://drive.google.com/file/d/10vFZQ2EH-ZmXLr-Q4yi8b3NdkLTSWqtB/view
land-use,pickens,Pickens County,county,13227,,2026-01-20,Board of Commissioners,high,unknown,ocr,,conditional use; rezon,rezoning; special-land-use,,https://www.pickenscountyga.gov/AgendaCenter/ViewFile/Agenda/_01202026-164
land-use,covington,City of Covington,city,,Broader Metropolitan Statistical Area,2026-01-20,City Council,high,agenda-action,ocr,,annexation; future land use; subdivision,annexation; comprehensive-plan; development,"… avis, seconded by Council Member Turner to amend the agenda to add a discussion of PAR25.0003 - Falcon Wood Annexation. Motion carried unanimously. ****** 4. Motion made by Council Member Davis, seconded by Counci …",https://cityofcovington.org/ckeditorfiles/files/2026_CityCouncil_0120_Minutes.pdf
land-use,bibb,Macon-Bibb County,consolidated,13021,Middle Georgia,2026-01-20,Board of Commissioners,high,unknown,ocr,,apartment; subdivision,development,,"https://maconbibbcoga.api.civicclerk.com/v1/Meetings/GetMeetingFileStream(fileId=3360,plainText=false)"
land-use,chatham,Chatham County,county,13051,Coastal Georgia,2026-01-09,Board of Commissioners,high,agenda-action,ocr,,rezon,rezoning,"… ed items. The petitioner, Police Recreation Association of Savannah Inc, is proposing to Rezone/Map Amendment to allow continuation of the existing Residential Duplex and Club/Lodge uses, while imple …",https://chathamcountyga.iqm2.com/Citizens/FileOpen.aspx?Type=14&ID=1727&Inline=True
land-use,fayette,Fayette County,county,13113,Atlanta Regional Commission,2026-01-08,Board of Commissioners,high,agenda-action,ocr,,annexation; annexed; comprehensive plan; future land use; land use plan; rezon; subdivision; variance,annexation; comprehensive-plan; development; rezoning; variance,"… ay. Commissioner Maxwell seconded. The motion passed 4-0. Commissioner Oddo was absent. 13. Consideration of an Annexation Notification from the City of Fayetteville regarding a request to annex 9 parcels, Parcels #0704 039; 0704 04 …",https://www.fayettecountyga.gov/Documents/Government/Board%20of%20Commissioners/Agendas%20And%20Minutes/2026/Agenda/01-08-2026%20BOC%20Agenda.pdf
land-use,carrollton,City of Carrollton,city,,West Georgia,2026-01-05,City Council,high,public-comment,ocr,,annexation; rezon,annexation; rezoning,,https://drive.google.com/file/d/1v39HO0bChFtyiNCyFmJFWuqGe50e9XYD/view
land-use,fayette,Fayette County,county,13113,Atlanta Regional Commission,2025-12-11,Board of Commissioners,high,agenda-action,ocr,,annexation; annexed; apartment; comprehensive plan; future land use; land use plan; mixed use; mixed-use; multi-family; multifamily; rezon; subdivision; townhome; variance,annexation; comprehensive-plan; development; rezoning; variance,"… a park, path, and roadway landscaping along Veterans Parkway. (pages 104-134) 13. Consideration of an Annexation Notification from the City of Fayetteville regarding a request to annex 9 parcels, Parcels #0704 039; 0704 04 …",https://www.fayettecountyga.gov/Documents/Government/Board%20of%20Commissioners/Agendas%20And%20Minutes/2025/Agenda/12-11-2025%20BOC%20Agenda.pdf
land-use,fayette,Fayette County,county,13113,Atlanta Regional Commission,2025-12-08,Board of Commissioners,high,agenda-action,ocr,,variance,variance,"… creased by $19,879. She stated that this increase was reflected in the change in taxable digest and the taxable digest variances. Ms. Weinmann stated that the millage rate remained the same, with the proposed 2025 millage rate of 3.763 for the Ge …",https://www.fayettecountyga.gov/Documents/Government/Board%20of%20Commissioners/Agendas%20And%20Minutes/2025/Minutes/12-08-2025%20Special%20Called%20Minutes.pdf
land-use,bartow,Bartow County,county,13015,Broader Metropolitan Statistical Area,2025-12-03,Board of Commissioners,high,unknown,ocr,,variance,variance,,https://www.bartowcountyga.gov/AGENDA.PUBLIC_MEETING_12-3-2025.pdf
land-use,fayette,Fayette County,county,13113,Atlanta Regional Commission,2025-11-13,Board of Commissioners,high,unknown,ocr,,comprehensive plan; multi-family; rezon; subdivision; variance; warehouse,comprehensive-plan; development; rezoning; variance,,https://www.fayettecountyga.gov/Documents/Government/Board%20of%20Commissioners/Agendas%20And%20Minutes/2025/Agenda/11-13-2025%20BOC%20Agenda.pdf
land-use,chatham,Chatham County,county,13051,Coastal Georgia,2025-11-07,Board of Commissioners,high,unknown,ocr,,rezon; subdivision,development; rezoning,,https://chathamcountyga.iqm2.com/Citizens/FileOpen.aspx?Type=14&ID=1711&Inline=True
land-use,fayette,Fayette County,county,13113,Atlanta Regional Commission,2025-10-23,Board of Commissioners,high,agenda-action,ocr,,comprehensive plan; conditional use; future land use; land use plan; mixed use; multi-family; rezon; subdivision; variance,comprehensive-plan; development; rezoning; special-land-use; variance,"… Petition #1367- 25, requesting to rezone from A-R to O-I. STAFF RECOMMENDATION As defined in the Fayette County Comprehensive Plan, Office-Institutional Use is designated for this area, so the request for O-I zoning is appropriate. Based on the Inve …",https://www.fayettecountyga.gov/Documents/Government/Board%20of%20Commissioners/Agendas%20And%20Minutes/2025/Agenda/10-23-2025%20BOC%20Agenda.pdf
land-use,chatham,Chatham County,county,13051,Coastal Georgia,2025-10-21,Board of Commissioners,high,unknown,ocr,,rezon; subdivision,development; rezoning,,https://chathamcountyga.iqm2.com/Citizens/FileOpen.aspx?Type=14&ID=1723&Inline=True
land-use,covington,City of Covington,city,,Broader Metropolitan Statistical Area,2025-10-20,City Council,high,agenda-action,ocr,,mixed-use; rezon,development; rezoning,"… made by Council Member Rutberg, seconded by Council Member Johnson to approve rezoning request to CM (Corridor Mixed-Use) with conditions recommended from Covington Planning Commission: -A minimum 20-foot wide landsc …",https://cityofcovington.org/ckeditorfiles/files/2025_CityCouncil_1020_Minutes.pdf
